大类,子类,文件路径,代码片段,硬编码内容,使用场景,潜在问题,优化建议,意见
一、Rust 后端 (src-tauri),1. 应用配置与窗口参数,`src-tauri/src/lib.rs` L11,"`const WINDOW_STATE_FILE: &str = ""app-data/window-state.json"";`","`""app-data/window-state.json""`",窗口状态持久化路径,路径变更需改多处,提取到配置文件或环境变量,
一、Rust 后端 (src-tauri),1. 应用配置与窗口参数,`src-tauri/src/lib.rs` L12-13,`const DEFAULT_WIDTH: f64 = 1200.0; const DEFAULT_HEIGHT: f64 = 800.0;`,"`1200.0, 800.0`",窗口默认尺寸,不同屏幕/平台可能需不同尺寸,从 tauri.conf.json 动态读取,
一、Rust 后端 (src-tauri),1. 应用配置与窗口参数,`src-tauri/src/lib.rs` L53,"`const WIDGET_STATE_FILE: &str = ""app-data/widget-state.json"";`","`""app-data/widget-state.json""`",Widget 状态持久化路径,与 WINDOW_STATE_FILE 路径模式硬编码一致,统一为常量或配置项,
一、Rust 后端 (src-tauri),1. 应用配置与窗口参数,`src-tauri/src/lib.rs` L226,"`.min_inner_size(200.0, 150.0)`","`200.0, 150.0`",Widget 窗口最小尺寸,不同用途的 Widget 可能需要不同最小尺寸,参数化传入,
一、Rust 后端 (src-tauri),1. 应用配置与窗口参数,`src-tauri/src/lib.rs` L143,"`.add_filter(""MIDI Files"", &[""mid"", ""midi""]).add_filter(""All Files"", &[""*""])`","`""MIDI Files"", ""mid"", ""midi"", ""All Files"", ""*""`",文件对话框过滤器,字符串未国际化；扩展名不灵活,提取为常量数组，通过 i18n 处理显示名,
一、Rust 后端 (src-tauri),1. 应用配置与窗口参数,`src-tauri/src/lib.rs` L156,"`.set_file_name(""untitled.mid"")`","`""untitled.mid""`",保存文件对话框默认文件名,未国际化,提取为 i18n key,
一、Rust 后端 (src-tauri),1. 应用配置与窗口参数,`src-tauri/src/lib.rs` L189-190,"`if !url.starts_with(""http://"") && !url.starts_with(""https://"")`","`""http://"", ""https://""`",URL 安全验证,仅允许两种协议，ftp 等被排斥,提取为 ALLOWED_PROTOCOLS 常量列表,
一、Rust 后端 (src-tauri),1. 应用配置与窗口参数,`src-tauri/src/lib.rs` L170,"`""access denied: path outside app data directory""`",错误消息字符串,文件路径安全验证,未国际化；错误提示对用户不友好,通过 i18n 返回本地化错误,
一、Rust 后端 (src-tauri),1. 应用配置与窗口参数,`src-tauri/src/lib.rs` L265,"`k.starts_with(""widget-"")`","`""widget-""`",Widget 窗口标识前缀,前缀变更需改多处,提取为常量,
一、Rust 后端 (src-tauri),1. 应用配置与窗口参数,`src-tauri/src/lib.rs` L436,"`app_handle.emit(""app:on-ready"", ())`","`""app:on-ready""`",应用就绪事件名,事件名字符串散布多处,提取为统一事件名常量模块,
一、Rust 后端 (src-tauri),1. 应用配置与窗口参数,`src-tauri/src/lib.rs` L479,"`app_handle.emit(""app:on-before-quit"", ())`","`""app:on-before-quit""`",应用退出前事件名,同上,同上,
一、Rust 后端 (src-tauri),1. 应用配置与窗口参数,`src-tauri/src/lib.rs` L236,"`app_handle.emit(""widget:closed"", &label_clone)`","`""widget:closed""`",Widget 关闭事件名,同上,同上,
一、Rust 后端 (src-tauri),1. 应用配置与窗口参数,`src-tauri/src/lib.rs` L406,"`app.get_webview_window(""main"").expect(""no main window"")`","`""main""`",主窗口标识名,窗口标签名需与 tauri.conf.json 同步,从配置读取或定义常量,
一、Rust 后端 (src-tauri),2. MIDI 设备管理,`src-tauri/src/midi/device_manager.rs` L17,"`const IGNORE_RTMIDI_REGEX: &str = ""RtMidi"";`","`""RtMidi""`",过滤 RtMidi 虚拟端口,正则字符串,已为常量，可考虑配置化,
一、Rust 后端 (src-tauri),2. MIDI 设备管理,`src-tauri/src/midi/device_manager.rs` L18,"`const IGNORE_INPUT_REGEX: &str = ""^output-internal"";`","`""^output-internal""`",过滤内部输出端口,正则字符串,已为常量，可考虑配置化,
一、Rust 后端 (src-tauri),2. MIDI 设备管理,`src-tauri/src/midi/device_manager.rs` L19-20,`const DEDUP_INTERVAL_MS: u128 = 5; const DEDUP_CACHE_SIZE: usize = 32;`,"`5, 32`",MIDI 消息去重参数,值可能需根据设备调优,提取为可配置参数,
一、Rust 后端 (src-tauri),2. MIDI 设备管理,`src-tauri/src/midi/device_manager.rs` L26-30,"`const MODULE_OUTPUTS: &[&str; 3] = &[""chord-dictionary"", ""chord-display/default"", ""debugger""];`","`""chord-dictionary"", ""chord-display/default"", ""debugger""`",内部模块输出名称,新增模块需手动修改,提取为配置或动态注册,
一、Rust 后端 (src-tauri),2. MIDI 设备管理,`src-tauri/src/midi/device_manager.rs` L102,"`MidiInput::new(""midi-jar-input"")`","`""midi-jar-input""`",MIDI 输入客户端名称,多处重复,提取为常量,
一、Rust 后端 (src-tauri),2. MIDI 设备管理,`src-tauri/src/midi/device_manager.rs` L103,"`MidiOutput::new(""midi-jar-output"")`","`""midi-jar-output""`",MIDI 输出客户端名称,多处重复,提取为常量,
一、Rust 后端 (src-tauri),2. MIDI 设备管理,`src-tauri/src/midi/device_manager.rs` L157,"`name.contains(""Loopback"")`","`""Loopback""`",检测 Loopback 设备,仅匹配英文字符串,可能需要大小写不敏感匹配,
一、Rust 后端 (src-tauri),2. MIDI 设备管理,`src-tauri/src/midi/device_manager.rs` L283,"`route.route_type == ""internal""`","`""internal""`",判断路由类型,字符串比较,提取为枚举常量,
一、Rust 后端 (src-tauri),2. MIDI 设备管理,`src-tauri/src/midi/device_manager.rs` L292,"`MidiOutput::new(""midi-jar-output"")`","`""midi-jar-output""`",重复创建输出客户端,与 L103 重复,提取为统一常量,
一、Rust 后端 (src-tauri),2. MIDI 设备管理,`src-tauri/src/midi/device_manager.rs` L300,"`midi_out.connect(&port_ref, ""midi-jar-output"")`","`""midi-jar-output""`",连接名称,多处重复,提取为常量,
一、Rust 后端 (src-tauri),2. MIDI 设备管理,`src-tauri/src/midi/device_manager.rs` L321,"`MidiInput::new(""midi-jar-route"")`","`""midi-jar-route""`",路由连接名,与其他名称不一致,统一命名策略,
一、Rust 后端 (src-tauri),2. MIDI 设备管理,`src-tauri/src/midi/device_manager.rs` L378,"`""midi-jar-route""`","`""midi-jar-route""`",连接名,与 L321 重复,提取为常量,
一、Rust 后端 (src-tauri),2. MIDI 设备管理,`src-tauri/src/midi/device_manager.rs` L356,"`MidiInput::new(""midi-jar-debug"")`","`""midi-jar-debug""`",调试连接名,临时创建,统一命名策略,
一、Rust 后端 (src-tauri),2. MIDI 设备管理,`src-tauri/src/midi/device_manager.rs` L398,"`format!(""midi:message:{}"", module_name)`","`""midi:message:""`",内部 MIDI 消息事件前缀,事件命名模式,提取为事件名模板常量,
一、Rust 后端 (src-tauri),2. MIDI 设备管理,`src-tauri/src/midi/device_manager.rs` L408,"`""midi:activity""`","`""midi:activity""`",MIDI 活动事件名,事件名,提取为常量,
一、Rust 后端 (src-tauri),2. MIDI 设备管理,`src-tauri/src/midi/device_manager.rs` L464-470,"`name: ""internal"".to_string(), output_type: ""internal"".to_string()`","`""internal""`",API 输出类型标识,重复字符串,提取为常量,
一、Rust 后端 (src-tauri),2. MIDI 设备管理,`src-tauri/src/midi/device_manager.rs` L531,"`MidiInput::new(""midi-jar-virtual-input"")`","`""midi-jar-virtual-input""`",虚拟输入客户端名,多处使用,提取为常量,
一、Rust 后端 (src-tauri),2. MIDI 设备管理,`src-tauri/src/midi/device_manager.rs` L595,"`MidiOutput::new(""midi-jar-virtual-output"")`","`""midi-jar-virtual-output""`",虚拟输出客户端名,多处使用,提取为常量,
一、Rust 后端 (src-tauri),2. MIDI 设备管理,`src-tauri/src/midi/device_manager.rs` L585,"`""Virtual ports are not supported on Windows""`",错误消息,Windows 不支持虚拟端口,未国际化,通过 i18n 处理,
一、Rust 后端 (src-tauri),2. MIDI 设备管理,`src-tauri/src/midi/device_manager.rs` L528,"`format!(""Virtual input '{}' already exists"", name)`",错误消息模板,虚拟端口已存在,未国际化,同上,
一、Rust 后端 (src-tauri),2. MIDI 设备管理,`src-tauri/src/midi/device_manager.rs` L380,`(stamp as f64) * 1000.0`,`1000.0`,时间戳秒→毫秒转换系数,转换系数,提取为常量 (MS_PER_S),
一、Rust 后端 (src-tauri),3. 日志系统,`src-tauri/src/tauri_log_sink.rs` L65-70,"ANSI 颜色代码 `""\x1b[31m""`, `""\x1b[33m""` 等",ANSI 颜色转义序列,控制台日志着色,平台兼容性问题(Windows),检测终端支持后再应用,
一、Rust 后端 (src-tauri),3. 日志系统,`src-tauri/src/tauri_log_sink.rs` L74,"`record.module_path().unwrap_or(""unknown"")`","`""unknown""`",日志默认模块名,魔法字符串,提取为常量,
一、Rust 后端 (src-tauri),3. 日志系统,`src-tauri/src/tauri_log_sink.rs` L102,"`app_handle.emit(""rust:log"", log_data.to_string())`","`""rust:log""`",Rust→前端日志事件名,事件名,提取为统一常量,
一、Rust 后端 (src-tauri),3. 日志系统,`src-tauri/src/tauri_log_sink.rs` L28-31,`LevelFilter::Debug` / `LevelFilter::Warn`,日志级别阈值,开发/生产环境日志级别,无运行时调整能力,从配置文件读取,
一、Rust 后端 (src-tauri),4. 配置文件,`src-tauri/tauri.conf.json` L3,"`""productName"": ""MIDI-JAR""`","`""MIDI-JAR""`",应用产品名,与 Cargo.toml 重复；改名需改多处,单一来源管理,
一、Rust 后端 (src-tauri),4. 配置文件,`src-tauri/tauri.conf.json` L4,"`""version"": ""2.0.0""`","`""2.0.0""`",应用版本,与 Cargo.toml 重复,从 Cargo.toml 自动同步,
一、Rust 后端 (src-tauri),4. 配置文件,`src-tauri/tauri.conf.json` L5,"`""identifier"": ""com.midi-jar.app""`","`""com.midi-jar.app""`",应用标识符,Apple 要求唯一 ID,提取为常量,
一、Rust 后端 (src-tauri),4. 配置文件,`src-tauri/tauri.conf.json` L8,"`""devUrl"": ""http://localhost:5173""`","`""http://localhost:5173""`",开发服务器 URL,端口与 vite.config.ts 重复,统一管理,
一、Rust 后端 (src-tauri),4. 配置文件,`src-tauri/tauri.conf.json` L16,"`""title"": ""MIDI-JAR""`","`""MIDI-JAR""`",窗口标题,未国际化,使用 i18n,
一、Rust 后端 (src-tauri),4. 配置文件,`src-tauri/tauri.conf.json` L17-18,"`""width"": 1200, ""height"": 800`","`1200, 800`",窗口初始尺寸,与 lib.rs DEFAULT_WIDTH/HEIGHT 重复,统一来源,
一、Rust 后端 (src-tauri),4. 配置文件,`src-tauri/tauri.conf.json` L19-20,"`""minWidth"": 800, ""minHeight"": 600`","`800, 600`",窗口最小尺寸,未参数化,提取为配置常量,
一、Rust 后端 (src-tauri),4. 配置文件,`src-tauri/tauri.conf.json` L26,CSP 规则字符串,复杂 CSP 字符串,安全策略,长字符串难以维护,提取为结构化配置,
一、Rust 后端 (src-tauri),4. 配置文件,`src-tauri/Cargo.toml` L3,"`version = ""2.0.0""`","`""2.0.0""`",Rust 包版本,与 tauri.conf.json 重复,单一来源,
一、Rust 后端 (src-tauri),4. 配置文件,`src-tauri/Cargo.toml` L4,"`description = ""MIDI-JAR - A MIDI tool application""`",描述字符串,包描述,仅在 Cargo.toml 中使用,低风险，保留,
二、前端 TypeScript/Vue,1. 应用配置与存储键,`src/stores/settings.ts` L12,"`const STORAGE_KEY = ""midi-jar-settings""`","`""midi-jar-settings""`",localStorage 键名,键名变更需同步多处,统一管理 localStorage 键名常量,
二、前端 TypeScript/Vue,1. 应用配置与存储键,`src/stores/theme.ts` L8,"`const THEME_STORAGE_KEY = ""midi-jar-theme""`","`""midi-jar-theme""`",主题 localStorage 键名,同上,同上,
二、前端 TypeScript/Vue,1. 应用配置与存储键,`src/stores/midiRouting.ts` L37-39,"`""midi-jar-routes"", ""midi-jar-node-positions"", ""midi-jar-viewport""`",3 个 localStorage 键名,MIDI 路由/位置/视口持久化,同上,统一管理,
二、前端 TypeScript/Vue,1. 应用配置与存储键,`src/views/WaterfallPiano/constants.ts` L140,"`STORAGE_KEY = ""waterfall-piano-settings""`",localStorage 键名,瀑布钢琴设置,同上,同上,
二、前端 TypeScript/Vue,1. 应用配置与存储键,`src/views/WaterfallPiano/constants.ts` L142,"`RECORDING_STORAGE_KEY = ""waterfall-piano-recordings""`",localStorage 键名,录音数据,同上,同上,
二、前端 TypeScript/Vue,1. 应用配置与存储键,`src/views/WaterfallPiano/constants.ts` L141,`SETTINGS_VERSION = 5`,`5`,设置版本号,版本变更需手动更新,自动管理或使用时间戳,
二、前端 TypeScript/Vue,1. 应用配置与存储键,`src/views/WaterfallPiano/constants.ts` L145,"`MIDI_NAMESPACE = ""waterfall-piano/default""`","`""waterfall-piano/default""`",MIDI 消息命名空间,与后端 MODULE_OUTPUTS 不一致时路由失败,与后端协调统一,
二、前端 TypeScript/Vue,1. 应用配置与存储键,`src/stores/settings.ts` L109,"`debounce(saveSettings, 300)`",`300`,设置保存防抖时间,防抖时间不可调,提取为可配置常量,
二、前端 TypeScript/Vue,1. 应用配置与存储键,`src/stores/midiRouting.ts` L201,`startPolling(intervalMs: number = 3000)`,`3000`,MIDI 设备轮询间隔,默认值硬编码,提取为常量,
二、前端 TypeScript/Vue,1. 应用配置与存储键,`src/stores/theme.ts` L66,"`const defaultTheme = ""light""`","`""light""`",默认主题名,主题名,提取为常量,
二、前端 TypeScript/Vue,2. 窗口与 UI 尺寸参数,`src/components/PianoKeyboard/classic/constants.ts` L3-5,"`BASE_SIZE=24, LABEL_SIZE=20, INFO_SIZE=12`","`24, 20, 12`",钢琴键盘基础尺寸,尺寸调整需改源码,已为常量，可配置化,
二、前端 TypeScript/Vue,2. 窗口与 UI 尺寸参数,`src/components/PianoKeyboard/classic/constants.ts` L43,`LABEL_OFFSET: 4`,`4`,标签偏移,同上,同上,
二、前端 TypeScript/Vue,2. 窗口与 UI 尺寸参数,`src/components/PianoKeyboard/classic/constants.ts` L52,`TONIC_RADIUS: 4`,`4`,根音圆半径,同上,同上,
二、前端 TypeScript/Vue,2. 窗口与 UI 尺寸参数,`src/views/Settings/Routing/graphUtils.ts` L15,`verticalGap = 80`,`80`,路由图节点间距,布局调整,提取为常量,
二、前端 TypeScript/Vue,2. 窗口与 UI 尺寸参数,`src/views/Settings/Routing/graphUtils.ts` L16-17,"`inputX = 500, outputX = 50`","`500, 50`",节点默认 X 坐标,初始位置,提取为常量,
二、前端 TypeScript/Vue,2. 窗口与 UI 尺寸参数,`src/views/Settings/Routing/graphUtils.ts` L25,`y: index * verticalGap + 40`,`40`,节点 Y 轴起始偏移,同上,同上,
二、前端 TypeScript/Vue,2. 窗口与 UI 尺寸参数,`src/views/Settings/Routing/graphUtils.ts` L103,`strokeWidth: connected ? 4 : 2.5`,"`4, 2.5`",连线粗细,视觉参数,提取为常量,
二、前端 TypeScript/Vue,2. 窗口与 UI 尺寸参数,`src/views/WaterfallPiano/constants.ts` L155,`NARROW_BREAKPOINT = 768`,`768`,窄屏断点,与 Tailwind 默认断点可能不同,确保与 Tailwind 一致,
二、前端 TypeScript/Vue,2. 窗口与 UI 尺寸参数,`src/composables/useMidiActivity.ts` L23,"`setTimeout(() => { ... }, 300)`",`300`,MIDI 活动闪烁持续时间,不可配置,提取为常量,
二、前端 TypeScript/Vue,2. 窗口与 UI 尺寸参数,`src/debugger-logger.ts` L28,`private maxLogs = 1000`,`1000`,最大日志数量,内存限制不可调,提取为可配置常量,
二、前端 TypeScript/Vue,3. MIDI 协议常量与事件名,`src/composables/useMidiHandler.ts` L8-12,"`MIDI_CMD_NOTE_OFF=0x80, MIDI_CMD_NOTE_ON=0x90, MIDI_CHANNEL_ALL=0, MIDI_CMD_CC=0xb0, MIDI_CC_SUSTAIN=0x40`",MIDI 协议十六进制值,MIDI 消息解析,协议值不会变，硬编码合理,已为常量，保持现状,
二、前端 TypeScript/Vue,3. MIDI 协议常量与事件名,`src/views/Settings/Debugger/constants.ts` L1-28,"`MIDI_CMD`, `MIDI_CC` 映射表",MIDI 命令/CC 完整映射,调试器显示,数据量大，适合独立数据文件,提取为 JSON 数据文件,
二、前端 TypeScript/Vue,3. MIDI 协议常量与事件名,`src/utils/tauri.ts` L106,"`""window:on-state-changed""`",Tauri 事件名,窗口状态变化监听,与 Rust 端事件名需一致,统一事件名常量模块,
二、前端 TypeScript/Vue,3. MIDI 协议常量与事件名,`src/utils/tauri.ts` L112,"`""window:on-maximized-changed""`",Tauri 事件名,窗口最大化变化,同上,同上,
二、前端 TypeScript/Vue,3. MIDI 协议常量与事件名,`src/utils/tauri.ts` L158,"`""midi:inputs""`",Tauri 事件名,MIDI 输入设备更新,同上,同上,
二、前端 TypeScript/Vue,3. MIDI 协议常量与事件名,`src/utils/tauri.ts` L166,"`""midi:outputs""`",Tauri 事件名,MIDI 输出设备更新,同上,同上,
二、前端 TypeScript/Vue,3. MIDI 协议常量与事件名,`src/utils/tauri.ts` L174,"`""midi:wires""`",Tauri 事件名,MIDI 连线更新,同上,同上,
二、前端 TypeScript/Vue,3. MIDI 协议常量与事件名,`src/utils/tauri.ts` L179,"`""midi:activity""`",Tauri 事件名,MIDI 活动检测,同上,同上,
二、前端 TypeScript/Vue,3. MIDI 协议常量与事件名,`src/utils/tauri.ts` L188,`` `midi:message:${namespace}` ``,事件名模板,MIDI 消息监听,与 Rust 端格式需一致,统一模板,
二、前端 TypeScript/Vue,3. MIDI 协议常量与事件名,`src/composables/useDebuggerLogs.ts` L33,"`""rust:log""`",Tauri 事件名,Rust 日志监听,与 Rust 端一致,统一常量,
二、前端 TypeScript/Vue,3. MIDI 协议常量与事件名,`src/composables/useMidiMessages.ts` L16,"`namespace: string = ""debugger""`","`""debugger""`",默认 MIDI 消息命名空间,默认值,提取为常量,
二、前端 TypeScript/Vue,4. 颜色值,`src/views/WaterfallPiano/constants.ts` L7,"`customColors: { low: ""#6366f1"", mid: ""#14b8a6"", high: ""#f59e0b"" }`",hex 颜色值,音高颜色映射,颜色不可动态配置,使用 CSS 变量或设置项,
二、前端 TypeScript/Vue,4. 颜色值,`src/views/WaterfallPiano/constants.ts` L15,"`color: ""#ffffff""`",`#ffffff`,命中线颜色,同上,同上,
二、前端 TypeScript/Vue,4. 颜色值,`src/views/WaterfallPiano/constants.ts` L21,"`solidColor: ""#1a1a2e""`",`#1a1a2e`,瀑布背景色,同上,同上,
二、前端 TypeScript/Vue,4. 颜色值,`src/views/WaterfallPiano/constants.ts` L38,"`whiteKeyColor: ""#f0f0f0""`",`#f0f0f0`,白键颜色,同上,同上,
二、前端 TypeScript/Vue,4. 颜色值,`src/views/WaterfallPiano/constants.ts` L39,"`blackKeyColor: ""#1a1a1a""`",`#1a1a1a`,黑键颜色,同上,同上,
二、前端 TypeScript/Vue,4. 颜色值,`src/views/WaterfallPiano/constants.ts` L40,"`pressedKeyColor: ""#6366f1""`",`#6366f1`,按下键颜色,同上,同上,
二、前端 TypeScript/Vue,4. 颜色值,`src/views/WaterfallPiano/constants.ts` L44,"`keyBorderColor: ""#333333""`",`#333333`,键边框颜色,同上,同上,
二、前端 TypeScript/Vue,4. 颜色值,`src/views/WaterfallPiano/constants.ts` L47,"`separatorColor: ""#ffffff""`",`#ffffff`,分隔线颜色,同上,同上,
二、前端 TypeScript/Vue,4. 颜色值,`src/views/WaterfallPiano/constants.ts` L56-65,8 种轨道颜色 hex 值,"`""#6366f1""...""#22c55e""`",MIDI 轨道颜色,同上,使用主题变量,
二、前端 TypeScript/Vue,4. 颜色值,`src/helpers/color.ts` L14,"`colorHexToRGB(""000000"")`","`""000000""`",默认黑色,魔法值,提取为 DEFAULT_COLOR 常量,
二、前端 TypeScript/Vue,4. 颜色值,`src/helpers/color.ts` L77,"`getLuminance(""808080"")`","`""808080""`",亮度阈值中灰色,魔法值,提取为 LUMINANCE_THRESHOLD 常量,
二、前端 TypeScript/Vue,4. 颜色值,`src/helpers/color.ts` L74-75,"`darkColor = ""#000000"", lightColor = ""#ffffff""`","`#000000, #ffffff`",默认对比色,魔法值,提取为常量,
二、前端 TypeScript/Vue,4. 颜色值,`src/engine/fluid/FluidConfig.ts` L147,"`BACK_COLOR: { r: 0, g: 0, b: 0 }`","`{0, 0, 0}`",流体背景色,纯黑可能不适合所有主题,使用主题背景色,
二、前端 TypeScript/Vue,4. 颜色值,`src/styles/tailwind.css` L51-52,`blur(12px) saturate(180%)`,"`12px, 180%`",毛玻璃效果参数,不随主题变化,提取为 CSS 变量,
二、前端 TypeScript/Vue,4. 颜色值,`src/styles/tailwind.css` L53-54,"`oklch(100% 0 0 / 0.7), oklch(100% 0 0 / 0.2)`",oklch 颜色值,毛玻璃背景/边框,同上,同上,
二、前端 TypeScript/Vue,4. 颜色值,`src/styles/tailwind.css` L21-27,7 个 oklch 音符颜色,oklch 颜色值,音名颜色映射,同上,已为 CSS 变量，保持现状,
二、前端 TypeScript/Vue,5. 路由与导航,`src/router/index.ts` L10,"`redirect: ""/home""`","`""/home""`",默认路由重定向,路径硬编码,合理，保持现状,
二、前端 TypeScript/Vue,5. 路由与导航,`src/router/index.ts` L16,"`meta: { title: ""nav.chordDisplay"", icon: ""home"" }`",i18n key + 图标名,路由元信息,i18n key 散布,提取为路由配置数据,
二、前端 TypeScript/Vue,5. 路由与导航,`src/views/Settings/Layout/constants.ts` L23-78,全部导航项配置,路由路径、i18n key、图标名,设置页导航,配置数据硬编码在 TS 中,提取为 JSON 配置文件,
二、前端 TypeScript/Vue,5. 路由与导航,`src/views/Settings/Layout/constants.ts` L17-21,`groupLabels`,i18n key,设置分组标签,同上,同上,
二、前端 TypeScript/Vue,5. 路由与导航,`src/views/Settings/Layout/constants.ts` L80,"`groupOrder: [""general"", ""display"", ""advanced""]`",分组顺序,设置页分组排序,同上,同上,
二、前端 TypeScript/Vue,5. 路由与导航,`src/views/Settings/Routing/graphUtils.ts` L44,"`displayName: ""Internal Modules""`","`""Internal Modules""`",内部模块显示名,未国际化,使用 i18n,
二、前端 TypeScript/Vue,6. 流体模拟配置,`src/engine/fluid/FluidConfig.ts` L132-158,`DEFAULT_CONFIG` 全量默认值,20+ 个物理/渲染参数,流体模拟默认配置,参数多且专业，调整需懂物理,已为常量配置对象，可考虑用户配置化,
二、前端 TypeScript/Vue,6. 流体模拟配置,`src/engine/fluid/FluidConfig.ts` L75-99,`QUALITY_PRESETS` (low/medium/high),分辨率、Bloom/Sunrays 参数,GPU 质量预设,同上,保持现状，已良好组织,
二、前端 TypeScript/Vue,6. 流体模拟配置,`src/engine/fluid/FluidConfig.ts` L111-129,`STYLE_PRESETS` (gentle/standard/turbulent),物理参数组合,视觉风格预设,同上,保持现状,
二、前端 TypeScript/Vue,6. 流体模拟配置,`src/engine/fluid/shaders/display.ts` L39,"`clamp(dot(n, l) + 0.7, 0.7, 1.0)`","`0.7, 0.7, 1.0`",着色器光照漫反射系数,Shader 内数学常数,提取为 shader uniform 或常量,
二、前端 TypeScript/Vue,6. 流体模拟配置,`src/engine/fluid/shaders/display.ts` L21,"`1.055, 0.416666667, 0.055`",gamma 转换系数,linearToGamma 函数,标准 sRGB 转换公式,保持现状（标准数学常数）,
二、前端 TypeScript/Vue,6. 流体模拟配置,`src/engine/fluid/shaders/display.ts` L57,`noise * 2.0 - 1.0`,"`2.0, 1.0`",dithering 噪声范围映射,Shader 内常量,低风险，保持,
二、前端 TypeScript/Vue,7. 国际化相关,`src/locales/i18n.ts` L13,"`fallbackLocale: ""en""`","`""en""`",i18n 备用语言,合理默认,保持现状,
二、前端 TypeScript/Vue,7. 国际化相关,`src/stores/settings.ts` L27,"`merged.general?.language === (""zh-CN"" as unknown)`","`""zh-CN""`",旧语言值迁移,迁移逻辑硬编码,版本迁移完成后可移除,
二、前端 TypeScript/Vue,7. 国际化相关,`index.html` L2,"`<html lang=""zh-CN"">`","`""zh-CN""`",HTML 语言属性,应与 i18n locale 同步,动态设置,
二、前端 TypeScript/Vue,7. 国际化相关,`index.html` L6,`<title>MIDI-JAR</title>`,"`""MIDI-JAR""`",页面标题,未国际化,使用 i18n 或从配置读取,
二、前端 TypeScript/Vue,7. 国际化相关,`src/main.ts` L22,"`logger.info(""应用初始化开始..."")`",中文字符串,日志消息,日志中混用中文,统一日志语言或使用 i18n,
二、前端 TypeScript/Vue,7. 国际化相关,`src/main.ts` L48,"`""file:opened""`",事件名,Tauri 事件,与 Rust 端需一致,统一常量管理,
二、前端 TypeScript/Vue,7. 国际化相关,`src/stores/midiRouting.ts` L109,"`output: ""internal""`","`""internal""`",默认路由输出,与 Rust 端类型标识一致,统一常量,
二、前端 TypeScript/Vue,8. 数据常量与映射,`src/helpers/note.ts` L10-23,"`NOTE_NAMES = [""C"",""C#"",...""B""]`",12 个音名,音名映射,音乐理论固定值,保持现状,
二、前端 TypeScript/Vue,8. 数据常量与映射,`src/helpers/note.ts` L28-29,"`FLAT = ""♭"", SHARP = ""♯""`",音符符号,显示格式化,Unicode 字符,保持现状,
二、前端 TypeScript/Vue,8. 数据常量与映射,`src/helpers/chords-data.ts` L1-562,562 行和弦数据,全量和弦音程/名称/别名,和弦字典数据,大量数据硬编码在 TS 中,提取为 JSON 数据文件,
二、前端 TypeScript/Vue,8. 数据常量与映射,`src/constants/icon-paths.ts` L1-16,8 个 SVG path 字符串,SVG 路径数据,图标渲染,长字符串,提取为独立 SVG 文件或 JSON,
二、前端 TypeScript/Vue,8. 数据常量与映射,`src/views/WaterfallPiano/constants.ts` L161-174,`NOTE_NAMES`,12 个音名,音名→MIDI 转换,与 `src/helpers/note.ts` 重复,统一为单一来源,
二、前端 TypeScript/Vue,8. 数据常量与映射,`src/views/WaterfallPiano/constants.ts` L123-137,`keyboardMap`,键盘按键→MIDI 音符映射,电脑键盘弹奏,映射表,提取为配置文件,
二、前端 TypeScript/Vue,8. 数据常量与映射,`src/views/WaterfallPiano/constants.ts` L148-152,`KEYBOARD_RANGES`,"`""88"": {21,108}, ""61"": {36,96}, ""49"": {36,84}`",键盘范围定义,MIDI 音符范围,保持现状（标准定义）,
二、前端 TypeScript/Vue,8. 数据常量与映射,`src/stores/theme.ts` L15-51,35 个主题配置,主题名+色系,主题列表,DaisyUI 主题名,保持现状（与 DaisyUI 同步）,
二、前端 TypeScript/Vue,9. Vite 构建配置,`vite.config.ts` L21,`port: 5173`,`5173`,开发服务器端口,与 tauri.conf.json devUrl 重复,统一管理,
二、前端 TypeScript/Vue,9. Vite 构建配置,`vite.config.ts` L32,`chunkSizeWarningLimit: 1000`,`1000`,构建警告阈值,构建参数,低风险,
二、前端 TypeScript/Vue,9. Vite 构建配置,`vite.config.ts` L38-44,manualChunks 正则,包名匹配规则,代码分割,硬编码包名,低风险，构建配置,
二、前端 TypeScript/Vue,9. Vite 构建配置,`vite.config.ts` L59,"`inline: [""tone""]`","`""tone""`",测试依赖内联,Vitest 配置,低风险,
二、前端 TypeScript/Vue,10. 音频/合成器参数,`src/views/WaterfallPiano/constants.ts` L70-89,合成器参数,"`volume=0.8, reverbAmount=0.3, harmonicity=2, modulationIndex=10, oscillatorType=""triangle"", attack=0.002...`",音频合成器默认配置,音频参数专业性强,已为默认设置对象，可通过 UI 调整,
二、前端 TypeScript/Vue,10. 音频/合成器参数,`src/views/WaterfallPiano/constants.ts` L91-119,Aura 参数,"`padding=2, innerBlur=4, innerOpacity=70...`",光晕效果配置,视觉参数,同上,
三、CSS 样式硬编码,,`src/styles/hig-tokens.css` L21-31,字号阶梯,`11px-64px` 共 11 级,HIG 字号 Token,设计规范值，应保持一致,已为 CSS 变量，良好实践,
三、CSS 样式硬编码,,`src/styles/hig-tokens.css` L34-37,圆角层级,`6px-20px` 共 4 级,HIG 圆角 Token,同上,同上,
三、CSS 样式硬编码,,`src/styles/hig-tokens.css` L40-47,间距尺度,`4px-64px` 共 8 级,HIG 间距 Token,同上,同上,
三、CSS 样式硬编码,,`src/styles/hig-tokens.css` L50-52,缓动曲线,3 个 cubic-bezier 值,HIG 动效曲线,同上,同上,
三、CSS 样式硬编码,,`src/styles/hig-tokens.css` L60-62,行高,"`1.2, 1.5, 1.65`",HIG 行高,同上,同上,
三、CSS 样式硬编码,,`src/styles/hig-tokens.css` L65-68,触达尺寸,`32px-44px` 共 4 级,HIG 触达尺寸,同上,同上,
三、CSS 样式硬编码,,`src/styles/hig-tokens.css` L71,`--hig-container-max: 1200px`,`1200px`,最大容器宽度,与窗口默认宽度一致,保持与窗口尺寸配置同步,
三、CSS 样式硬编码,,`src/styles/hig-tokens.css` L76-79,动效时长,`80ms-320ms` 共 4 级,HIG 时长,同上,同上,
三、CSS 样式硬编码,,`src/styles/hig-tokens.css` L82-91,语义状态色,oklch 颜色值,成功/警告/错误/信息,HIG 设计规范,已为 CSS 变量，良好,
三、CSS 样式硬编码,,`src/styles/tailwind.css` L140-144,缓动曲线和时长,"`cubic-bezier(0.2, 0.8, 0.2, 1), 150ms, 300ms, 400ms`",全局动效规范,与 hig-tokens.css 有重叠,统一为单一来源,
三、CSS 样式硬编码,,`src/styles/tailwind.css` L80,"`text-shadow: 0 0 4px rgba(0, 0, 0, 0.5)`",阴影参数,音名标签阴影,视觉参数,提取为 CSS 变量,
三、CSS 样式硬编码,,`src/styles/tailwind.css` L99,`outline: 2px solid oklch(60% 0.2 250)`,焦点样式,焦点指示器,HIG 规范,提取为 CSS 变量,
四、Notation 组件群（补充）,1. Notation 类型与默认配置,`src/components/Notation/types.ts` L61-69,`defaultDisplayConfig`,"`clef:true, keySignature:true, keySignatureText:true, barlines:false, timeSignature:false, noteNames:false, staffLines:true`",谱表默认显示项,布尔默认值散布,已为常量配置对象，合理,
四、Notation 组件群（补充）,1. Notation 类型与默认配置,`src/components/Notation/types.ts` L71-82,`defaultLayoutConfig`,"`paddingTop:40, staveHeight:140, staveGap:0, textHeight:30, bottomPadding:30, sidePadding:40, clefWidth:50, noteWidth:120, keySignatureWidthPerAlteration:120, maxScale:1.5`",谱表布局默认尺寸,10 个尺寸硬编码,已为常量，可通过 props 覆盖,
四、Notation 组件群（补充）,1. Notation 类型与默认配置,`src/components/Notation/types.ts` L84-88,`defaultStyleConfig`,"`backgroundColor:""transparent"", staffLineColor:""#000000"", noteColor:""#000000"", fontSize:10`",谱表样式默认值,`#000000` 硬编码颜色不随主题变化,通过 CSS 变量或主题注入,
四、Notation 组件群（补充）,1. Notation 类型与默认配置,`src/components/Notation/layout.ts` L124,`10 * scale`,`10`,noteStartX 附加偏移量,魔法数字未命名,提取为 `NOTE_START_X_OFFSET` 常量,
四、Notation 组件群（补充）,1. Notation 类型与默认配置,`src/components/Notation/layout.ts` L64,`containerWidth * 0.8`,`0.8`,scaleX 计算最小宽度系数,魔法数字,提取为 `MIN_WIDTH_RATIO` 常量,
四、Notation 组件群（补充）,1. Notation 类型与默认配置,`src/components/Notation/utils.ts` L15,`const NOTE_REGEX = /([a-g])(b,#)?(\d+)/i;`,正则表达式,音符字符串解析,合理常量,
四、Notation 组件群（补充）,1. Notation 类型与默认配置,`src/components/Notation/utils.ts` L16,"`Note.midi(""C4"") as number`","`""C4""`",中央 C MIDI 参考值,音名硬编码,合理（音乐理论固定值）,
四、Notation 组件群（补充）,1. Notation 类型与默认配置,`src/components/Notation/utils.ts` L73,"`duration: ""1""`","`""1""`",VexFlow 全音符时值,字符串字面量,提取为常量,
四、Notation 组件群（补充）,2. Notation.vue 渲染逻辑,`src/components/Notation/Notation.vue` L79,"`getLayoutDimensions(width, 9999, ...)`",`9999`,占位高度（仅宽度驱动）,魔法数字,提取为 `HEIGHT_PLACEHOLDER` 常量,
四、Notation 组件群（补充）,2. Notation.vue 渲染逻辑,`src/components/Notation/Notation.vue` L89,"`context.setFont(""Arial"", ...)`","`""Arial""`",VexFlow 字体名,硬编码字体，未使用系统字体,使用 CSS 变量或主题字体,
四、Notation 组件群（补充）,2. Notation.vue 渲染逻辑,`src/components/Notation/Notation.vue` L127,`Math.abs(newWidth - lastWidth) > 1`,`1`,重渲染宽度变化阈值,魔法数字,提取为 `RESIZE_THRESHOLD` 常量,
四、Notation 组件群（补充）,2. Notation.vue 渲染逻辑,`src/components/Notation/Notation.vue` L134,"`debounce(handleResize, 80)`",`80`,ResizeObserver 防抖时间,不可配置,提取为常量,
四、Notation 组件群（补充）,2. Notation.vue 渲染逻辑,`src/components/Notation/Notation.vue` L185-190,`canvas.width = 1; canvas.height = 1;`,"`1, 1`",oklchToRgb 探测 canvas 尺寸,魔法数字,合理（最小尺寸探测）,
四、Notation 组件群（补充）,2. Notation.vue 渲染逻辑,`src/components/Notation/Notation.vue` L197,`getPropertyValue('--color-base-content')`,`'--color-base-content'`,主题色 CSS 变量名,字符串硬编码,提取为常量,
四、Notation 组件群（补充）,2. Notation.vue 渲染逻辑,`src/components/Notation/Notation.vue` L213,"`attributeFilter: ['data-theme', 'class']`","`'data-theme', 'class'`",MutationObserver 监听属性,属性名硬编码,提取为常量数组,
四、Notation 组件群（补充）,3. Notation 设置组件,`src/components/Notation/NotationStyleSettings.vue` L36-37,"`:min=""6"" :max=""20"" :step=""1""`","`6, 20, 1`",字号范围限制,范围值硬编码,提取为常量,
四、Notation 组件群（补充）,3. Notation 设置组件,`src/components/Notation/NotationLayoutSettings.vue` L11-12,"`:min=""10"" :max=""100"" :step=""5""`","`10, 100, 5`",paddingTop 范围,同上,同上,
四、Notation 组件群（补充）,3. Notation 设置组件,`src/components/Notation/NotationLayoutSettings.vue` L20-21,"`:min=""80"" :max=""200"" :step=""10""`","`80, 200, 10`",staveHeight 范围,同上,同上,
四、Notation 组件群（补充）,3. Notation 设置组件,`src/components/Notation/NotationLayoutSettings.vue` L29-30,"`:min=""0"" :max=""60"" :step=""5""`","`0, 60, 5`",staveGap 范围,同上,同上,
四、Notation 组件群（补充）,3. Notation 设置组件,`src/components/Notation/NotationLayoutSettings.vue` L38-39,"`:min=""10"" :max=""60"" :step=""5""`","`10, 60, 5`",textHeight 范围,同上,同上,
四、Notation 组件群（补充）,3. Notation 设置组件,`src/components/Notation/NotationLayoutSettings.vue` L47-48,"`:min=""10"" :max=""60"" :step=""5""`","`10, 60, 5`",bottomPadding 范围,同上,同上,
四、Notation 组件群（补充）,3. Notation 设置组件,`src/components/Notation/NotationLayoutSettings.vue` L56-57,"`:min=""20"" :max=""100"" :step=""5""`","`20, 100, 5`",sidePadding 范围,同上,同上,
四、Notation 组件群（补充）,3. Notation 设置组件,`src/components/Notation/NotationLayoutSettings.vue` L65-66,"`:min=""30"" :max=""80"" :step=""5""`","`30, 80, 5`",clefWidth 范围,同上,同上,
四、Notation 组件群（补充）,3. Notation 设置组件,`src/components/Notation/NotationLayoutSettings.vue` L74-75,"`:min=""60"" :max=""200"" :step=""10""`","`60, 200, 10`",noteWidth 范围,同上,同上,
四、Notation 组件群（补充）,3. Notation 设置组件,`src/components/Notation/NotationLayoutSettings.vue` L83-84,"`:min=""0.5"" :max=""2"" :step=""0.1""`","`0.5, 2, 0.1`",maxScale 范围,同上,同上,
五、CustomCursor 组件（补充）,1. 指针尺寸与交互参数,`src/components/customCursor.vue` L12-13,`let halfElementWidth = 6; let halfElementWidth2 = 21;`,"`6, 21`",内/外指针半宽默认值,初始魔法数字，运行时被覆盖,已在 watch 中更新，可移除初始值,
五、CustomCursor 组件（补充）,1. 指针尺寸与交互参数,`src/components/customCursor.vue` L39-56,`INTERACTIVE_SELECTOR` 数组,`11 个 CSS 选择器字符串`,检测可交互元素,选择器列表硬编码，新增需改源码,提取为常量配置或可扩展注册机制,
五、CustomCursor 组件（补充）,1. 指针尺寸与交互参数,`src/components/customCursor.vue` L151,"`window.matchMedia(""(pointer:fine)"")`","`""(pointer:fine)""`",检测精确指针设备,媒体查询字符串,合理,
五、CustomCursor 组件（补充）,1. 指针尺寸与交互参数,`src/components/customCursor.vue` L161,"`document.body.style.cursor = ""default""`","`""default""`",恢复默认光标,字符串硬编码,合理,
五、CustomCursor 组件（补充）,1. 指针尺寸与交互参数,`src/components/customCursor.vue` L152,"`document.body.style.cursor = ""none""`","`""none""`",隐藏系统光标,字符串硬编码,合理,
五、CustomCursor 组件（补充）,1. 指针尺寸与交互参数,`src/components/customCursor.vue` L222-228,`borderRadius: hover.borderRadius \,\,"""50%""`, `boxShadow: ...inset 0 0 0 2px...`","`""50%"", ""2px""`",外指针 hover 样式默认值,
五、CustomCursor 组件（补充）,1. 指针尺寸与交互参数,`src/components/customCursor.vue` L236,"`borderRadius: ""50%""`","`""50%""`",外指针默认圆角,字符串硬编码,提取为常量,
五、CustomCursor 组件（补充）,1. 指针尺寸与交互参数,`src/components/customCursor.vue` L263,"`class=""... z-[99999]""`",`99999`,内指针 z-index,极高 z-index 硬编码,提取为常量,
五、CustomCursor 组件（补充）,1. 指针尺寸与交互参数,`src/components/customCursor.vue` L269,"`class=""... z-[9999]""`",`9999`,外指针 z-index,同上,同上,
五、CustomCursor 组件（补充）,2. CustomCursor 设置组件,`src/views/Settings/CursorSettings/CursorSettings.vue` L44-46,"`:min=""4"" :max=""32"" :step=""2""`","`4, 32, 2`",内指针尺寸范围,范围值硬编码,提取为常量,
五、CustomCursor 组件（补充）,2. CustomCursor 设置组件,`src/views/Settings/CursorSettings/CursorSettings.vue` L55-57,"`:min=""20"" :max=""80"" :step=""2""`","`20, 80, 2`",外指针尺寸范围,同上,同上,
五、CustomCursor 组件（补充）,2. CustomCursor 设置组件,`src/views/Settings/CursorSettings/CursorSettings.vue` L167-168,"`:min=""0"" :max=""500"" :step=""10""`","`0, 500, 10`",过渡时长范围,同上,同上,
五、CustomCursor 组件（补充）,2. CustomCursor 设置组件,`src/views/Settings/CursorSettings/CursorSettings.vue` L195-204,`colorSourceOptions`,"`""custom"", ""theme""`",颜色来源选项,字符串值硬编码,已为配置对象，合理,
五、CustomCursor 组件（补充）,2. CustomCursor 设置组件,`src/views/Settings/CursorSettings/CursorSettings.vue` L206-216,`hoverModeOptions`,"`""cover"", ""border"", ""none""`",hover 模式选项,同上,同上,
五、CustomCursor 组件（补充）,2. CustomCursor 设置组件,`src/views/Settings/CursorSettings/CursorSettings.vue` L218-239,`blendModeOptions`,"`""normal"", ""exclusion"", ""difference"", ""multiply"", ""screen""`",混合模式选项,同上,同上,
六、ChordDisplay 组件（补充）,1. 布局与样式硬编码,`src/views/ChordDisplay/ChordDisplay.vue` L2,"`id=""chordDisplay""`","`""chordDisplay""`",容器 DOM ID,字符串硬编码,合理（唯一标识）,
六、ChordDisplay 组件（补充）,1. 布局与样式硬编码,`src/views/ChordDisplay/ChordDisplay.vue` L23,"`class=""... gap-6 md:gap-20 ...""`","`gap-6, gap-20`",响应式间距,Tailwind 类名硬编码,合理,
六、ChordDisplay 组件（补充）,1. 布局与样式硬编码,`src/views/ChordDisplay/ChordDisplay.vue` L28,"`class=""... text-hig-3xl md:text-hig-4xl ...""`","`text-hig-3xl, text-hig-4xl`",响应式字号,同上,合理,
六、ChordDisplay 组件（补充）,1. 布局与样式硬编码,`src/views/ChordDisplay/ChordDisplay.vue` L40,"`class=""... text-xl ...""`",`text-xl`,音名字号,同上,合理,
六、ChordDisplay 组件（补充）,1. 布局与样式硬编码,`src/views/ChordDisplay/ChordDisplay.vue` L83,"`class=""... min-h-[150px] md:min-h-[200px]""`","`150px, 200px`",键盘最小高度,像素值硬编码,提取为常量或 CSS 变量,
六、ChordDisplay 组件（补充）,1. 布局与样式硬编码,`src/views/ChordDisplay/ChordDisplay.vue` L168,`midiChannel: 0`,`0`,MIDI 通道默认值,魔法数字,提取为 `DEFAULT_MIDI_CHANNEL` 常量,
六、ChordDisplay 组件（补充）,1. 布局与样式硬编码,`src/views/ChordDisplay/ChordDisplay.vue` L172,`namespace: \`chord-display/${props.moduleId}\``,"`""chord-display/""`",MIDI 命名空间前缀,与后端 MODULE_OUTPUTS 需一致,统一常量管理,
六、ChordDisplay 组件（补充）,1. 布局与样式硬编码,`src/views/ChordDisplay/ChordDisplay.vue` L190,"`moduleSettings.value?.chordNotation ?? ""preferred""`","`""preferred""`",默认和弦记谱法,字符串硬编码,提取为常量,
六、ChordDisplay 组件（补充）,2. ChordDisplay 设置组件,`src/views/Settings/ChordDisplaySettings/ChordDisplayModuleSettings.vue` L139-141,"`:min=""0"" :max=""1"" :step=""0.1""`","`0, 1, 0.1`",fadeOutDuration 范围,范围值硬编码,提取为常量,
六、ChordDisplay 组件（补充）,2. ChordDisplay 设置组件,`src/views/Settings/ChordDisplaySettings/ChordDisplayModuleSettings.vue` L164-166,"`:min=""0"" :max=""1"" :step=""0.1""`","`0, 1, 0.1`",textOpacity 范围,同上,同上,
六、ChordDisplay 组件（补充）,2. ChordDisplay 设置组件,`src/views/Settings/ChordDisplaySettings/ChordDisplayModuleSettings.vue` L175-177,"`:min=""1"" :max=""16"" :step=""0.1""`","`1, 16, 0.1`",keyHeight 范围,同上,同上,
六、ChordDisplay 组件（补充）,2. ChordDisplay 设置组件,`src/views/Settings/ChordDisplaySettings/ChordDisplayModuleSettings.vue` L187-189,"`:min=""0.1"" :max=""0.9"" :step=""0.025""`","`0.1, 0.9, 0.025`",blackKeyRatio 范围,同上,同上,
六、ChordDisplay 组件（补充）,2. ChordDisplay 设置组件,`src/views/Settings/ChordDisplaySettings/ChordDisplayModuleSettings.vue` L197-199,"`:min=""0"" :max=""1"" :step=""0.05""`","`0, 1, 0.05`",keyBorderRadius 范围,同上,同上,
七、PianoKeyboard 组件（补充）,1. classic 模式常量,`src/components/PianoKeyboard/classic/constants.ts` L3-5,"`BASE_SIZE=24, LABEL_SIZE=20, INFO_SIZE=12`","`24, 20, 12`",钢琴键基础尺寸,尺寸调整需改源码,已为常量，可配置化,
七、PianoKeyboard 组件（补充）,1. classic 模式常量,`src/components/PianoKeyboard/classic/constants.ts` L43,`LABEL_OFFSET: 4`,`4`,标签偏移,同上,同上,
七、PianoKeyboard 组件（补充）,1. classic 模式常量,`src/components/PianoKeyboard/classic/constants.ts` L52,`TONIC_RADIUS: 4`,`4`,根音圆半径,同上,同上,
七、PianoKeyboard 组件（补充）,2. flat 模式常量,`src/components/PianoKeyboard/flat/constants.ts` L3-5,"`BASE_SIZE=24, LABEL_SIZE=20, INFO_SIZE=12`","`24, 20, 12`",flat 模式基础尺寸,与 classic 重复,统一为共享常量,
七、PianoKeyboard 组件（补充）,2. flat 模式常量,`src/components/PianoKeyboard/flat/constants.ts` L25,`LABEL_OFFSET: 4`,`4`,标签偏移,与 classic 重复,同上,
七、PianoKeyboard 组件（补充）,2. flat 模式常量,`src/components/PianoKeyboard/flat/constants.ts` L28,`TONIC_RADIUS: 4`,`4`,根音圆半径,与 classic 重复,同上,
七、PianoKeyboard 组件（补充）,2. flat 模式常量,`src/components/PianoKeyboard/flat/constants.ts` L29,`NAME_OFFSET: 8`,`8`,名称偏移,魔法数字,已为常量,
七、PianoKeyboard 组件（补充）,2. flat 模式常量,`src/components/PianoKeyboard/flat/constants.ts` L30,`INFO_OFFSET: HEIGHT - 8`,`8`,信息偏移,同上,同上,
七、PianoKeyboard 组件（补充）,3. PianoKeyboard 工具函数,`src/components/PianoKeyboard/utils.ts` L26-33,`FADE_CLASSES` 数组,`6 个 CSS 类名字符串`,高亮褪色类名列表,类名硬编码,已为常量，合理,
七、PianoKeyboard 组件（补充）,3. PianoKeyboard 工具函数,`src/components/PianoKeyboard/utils.ts` L107,`12 - ((start - midi) % 12)`,`12`,八度折回计算,音乐理论固定值,合理,
七、PianoKeyboard 组件（补充）,3. PianoKeyboard 工具函数,`src/components/PianoKeyboard/utils.ts` L147,"`className = ""active""`","`""active""`",默认高亮类名,字符串硬编码,提取为常量,
七、PianoKeyboard 组件（补充）,3. PianoKeyboard 工具函数,`src/components/PianoKeyboard/utils.ts` L168,"`className = ""wrapped""`","`""wrapped""`",wrap 高亮类名,同上,同上,
七、PianoKeyboard 组件（补充）,3. PianoKeyboard 工具函数,`src/components/PianoKeyboard/utils.ts` L209,"`elements[i].classList.add(""tonic"")`","`""tonic""`",根音标记类名,同上,同上,
七、PianoKeyboard 组件（补充）,3. PianoKeyboard 工具函数,`src/components/PianoKeyboard/utils.ts` L212,"`elements[i].classList.add(""info"")`","`""info""`",音程信息类名,同上,同上,
七、PianoKeyboard 组件（补充）,3. PianoKeyboard 工具函数,`src/components/PianoKeyboard/utils.ts` L213,"`elements[i].querySelector("".pianoInfo"")`","`"".pianoInfo""`",音程信息元素选择器,同上,同上,
八、WaterfallPiano 引擎群（补充）,1. BackgroundRenderer,`src/views/WaterfallPiano/engine/BackgroundRenderer.ts` L70,`Math.min(window.devicePixelRatio \,\,"1, 2)`",`2`,DPR 上限,
八、WaterfallPiano 引擎群（补充）,2. KeyboardRenderer,`src/views/WaterfallPiano/engine/KeyboardRenderer.ts` L11,"`const BLACK_KEY_CLASSES = new Set([1, 3, 6, 8, 10])`","`[1, 3, 6, 8, 10]`",黑键 chroma 集合,音乐理论固定值,合理,
八、WaterfallPiano 引擎群（补充）,2. KeyboardRenderer,`src/views/WaterfallPiano/engine/KeyboardRenderer.ts` L12,`const BLACK_KEY_WIDTH_RATIO = 0.6`,`0.6`,黑键宽度比例,魔法数字,已为常量,
八、WaterfallPiano 引擎群（补充）,2. KeyboardRenderer,`src/views/WaterfallPiano/engine/KeyboardRenderer.ts` L13,`const BLACK_KEY_HEIGHT_RATIO = 0.62`,`0.62`,黑键高度比例,魔法数字,已为常量,
八、WaterfallPiano 引擎群（补充）,2. KeyboardRenderer,`src/views/WaterfallPiano/engine/KeyboardRenderer.ts` L42-43,`private from = 21; private to = 108;`,"`21, 108`",默认 MIDI 范围（A0-C8）,魔法数字,提取为 `DEFAULT_FROM/DEFAULT_TO` 常量,
八、WaterfallPiano 引擎群（补充）,2. KeyboardRenderer,`src/views/WaterfallPiano/engine/KeyboardRenderer.ts` L70,`this.settings.keyboard.customFrom \,\,"""A0""`","`""A0""`",默认起始音名,
八、WaterfallPiano 引擎群（补充）,2. KeyboardRenderer,`src/views/WaterfallPiano/engine/KeyboardRenderer.ts` L71,`this.settings.keyboard.customTo \,\,"""C8""`","`""C8""`",默认结束音名,
八、WaterfallPiano 引擎群（补充）,2. KeyboardRenderer,`src/views/WaterfallPiano/engine/KeyboardRenderer.ts` L289,"`ctx.fillStyle = ""#666""`","`""#666""`",白键标签颜色,硬编码颜色不随主题变化,使用 CSS 变量或主题色,
八、WaterfallPiano 引擎群（补充）,2. KeyboardRenderer,`src/views/WaterfallPiano/engine/KeyboardRenderer.ts` L290,"`Math.max(8, layout.whiteKeyWidth * 0.3)`","`8, 0.3`",白键标签字号计算,魔法数字,提取为常量,
八、WaterfallPiano 引擎群（补充）,2. KeyboardRenderer,`src/views/WaterfallPiano/engine/KeyboardRenderer.ts` L296,`this.height - 4`,`4`,白键标签 Y 偏移,魔法数字,提取为常量,
八、WaterfallPiano 引擎群（补充）,2. KeyboardRenderer,`src/views/WaterfallPiano/engine/KeyboardRenderer.ts` L299,"`ctx.fillStyle = ""#999""`","`""#999""`",黑键标签颜色,硬编码颜色不随主题变化,同上,
八、WaterfallPiano 引擎群（补充）,2. KeyboardRenderer,`src/views/WaterfallPiano/engine/KeyboardRenderer.ts` L300,"`Math.max(7, layout.blackKeyWidth * 0.35)`","`7, 0.35`",黑键标签字号计算,魔法数字,提取为常量,
八、WaterfallPiano 引擎群（补充）,2. KeyboardRenderer,`src/views/WaterfallPiano/engine/KeyboardRenderer.ts` L306,`layout.blackKeyHeight - 4`,`4`,黑键标签 Y 偏移,魔法数字,提取为常量,
八、WaterfallPiano 引擎群（补充）,3. NoteBlockSystem,`src/views/WaterfallPiano/engine/NoteBlockSystem.ts` L11,"`const BLACK_KEY_CLASSES = new Set([1, 3, 6, 8, 10])`","`[1, 3, 6, 8, 10]`",黑键 chroma 集合,与 KeyboardRenderer 重复,统一为共享常量,
八、WaterfallPiano 引擎群（补充）,3. NoteBlockSystem,`src/views/WaterfallPiano/engine/NoteBlockSystem.ts` L12,`const BLACK_KEY_WIDTH_RATIO = 0.6`,`0.6`,黑键宽度比例,与 KeyboardRenderer 重复,同上,
八、WaterfallPiano 引擎群（补充）,3. NoteBlockSystem,`src/views/WaterfallPiano/engine/NoteBlockSystem.ts` L49,`const POOL_MAX = 512`,`512`,对象池最大容量,魔法数字,已为常量,
八、WaterfallPiano 引擎群（补充）,3. NoteBlockSystem,`src/views/WaterfallPiano/engine/NoteBlockSystem.ts` L115,`if (t < 0.2) return valley;`,`0.2`,glow 动画分段阈值,魔法数字,提取为常量,
八、WaterfallPiano 引擎群（补充）,3. NoteBlockSystem,`src/views/WaterfallPiano/engine/NoteBlockSystem.ts` L117,`(t - 0.2) / 0.3`,"`0.2, 0.3`",glow 插值参数,同上,同上,
八、WaterfallPiano 引擎群（补充）,3. NoteBlockSystem,`src/views/WaterfallPiano/engine/NoteBlockSystem.ts` L120,`if (t < 0.8)`,`0.8`,glow 动画分段阈值,同上,同上,
八、WaterfallPiano 引擎群（补充）,3. NoteBlockSystem,`src/views/WaterfallPiano/engine/NoteBlockSystem.ts` L159,`cfg.duration * 1000`,`1000`,秒→毫秒转换,转换系数,提取为 `MS_PER_S` 常量,
八、WaterfallPiano 引擎群（补充）,3. NoteBlockSystem,`src/views/WaterfallPiano/engine/NoteBlockSystem.ts` L161,`(animT * cfg.rotationRange * Math.PI) / 180`,`180`,角度→弧度转换,转换系数,提取为 `DEG_PER_RAD` 常量,
八、WaterfallPiano 引擎群（补充）,3. NoteBlockSystem,`src/views/WaterfallPiano/engine/NoteBlockSystem.ts` L178,"`Math.min(p * 2, 200) * 0.5`","`200, 0.5`",glow 渐变半径计算,魔法数字,提取为常量,
八、WaterfallPiano 引擎群（补充）,3. NoteBlockSystem,`src/views/WaterfallPiano/engine/NoteBlockSystem.ts` L190-193,"`g.addColorStop(0.25, ""hsl(90, 80%, 60%)"")` 等",`5 个 hsl 颜色值`,rainbow 模式色标,硬编码 HSL 颜色,提取为颜色配置数组,
八、WaterfallPiano 引擎群（补充）,3. NoteBlockSystem,`src/views/WaterfallPiano/engine/NoteBlockSystem.ts` L449,"`blackKeyWidth * 0.9, whiteKeyWidth * 0.85`","`0.9, 0.85`",方块宽度比例,魔法数字,提取为常量,
八、WaterfallPiano 引擎群（补充）,3. NoteBlockSystem,`src/views/WaterfallPiano/engine/NoteBlockSystem.ts` L482,"`Math.max(pps * 0.05, 4)`","`0.05, 4`",实时方块初始最小高度,魔法数字,提取为常量,
八、WaterfallPiano 引擎群（补充）,3. NoteBlockSystem,`src/views/WaterfallPiano/engine/NoteBlockSystem.ts` L579,"`Math.min(deltaTime, 0.1)`",`0.1`,deltaTime 上限,魔法数字,提取为 `MAX_DELTA_TIME` 常量,
八、WaterfallPiano 引擎群（补充）,3. NoteBlockSystem,`src/views/WaterfallPiano/engine/NoteBlockSystem.ts` L619,`this.settings ? this.settings.particles.lookAhead : 3`,`3`,lookAhead 默认值,魔法数字,提取为 `DEFAULT_LOOK_AHEAD` 常量,
八、WaterfallPiano 引擎群（补充）,3. NoteBlockSystem,`src/views/WaterfallPiano/engine/NoteBlockSystem.ts` L625,`t < this.lastTransportTime - 0.1`,`0.1`,seek 后退检测阈值,魔法数字,提取为常量,
八、WaterfallPiano 引擎群（补充）,3. NoteBlockSystem,`src/views/WaterfallPiano/engine/NoteBlockSystem.ts` L661,`lookAhead + notes[this.synthesiaCursor].duration + 1`,`1`,游标推进附加时间,魔法数字,提取为常量,
八、WaterfallPiano 引擎群（补充）,3. NoteBlockSystem,`src/views/WaterfallPiano/engine/NoteBlockSystem.ts` L759,`this.height * 0.5`,`0.5`,方块回收阈值比例,魔法数字,提取为 `RECYCLE_THRESHOLD_RATIO` 常量,
八、WaterfallPiano 引擎群（补充）,3. NoteBlockSystem,`src/views/WaterfallPiano/engine/NoteBlockSystem.ts` L772,`if (!this.settings) return 200`,`200`,pixelsPerSecond 默认值,魔法数字,提取为 `DEFAULT_PPS` 常量,
八、WaterfallPiano 引擎群（补充）,3. NoteBlockSystem,`src/views/WaterfallPiano/engine/NoteBlockSystem.ts` L773,`this.settings.particles.speed * 100`,`100`,speed→pps 转换系数,魔法数字,提取为常量,
八、WaterfallPiano 引擎群（补充）,3. NoteBlockSystem,`src/views/WaterfallPiano/engine/NoteBlockSystem.ts` L825,"`brightenColor(baseColor, 0.4)`",`0.4`,触发时颜色增亮比例,魔法数字,提取为常量,
八、WaterfallPiano 引擎群（补充）,3. NoteBlockSystem,`src/views/WaterfallPiano/engine/NoteBlockSystem.ts` L991-999,`brightenColor` 函数,`255`,RGB 最大值,合理（颜色理论固定值）,保持现状,
八、WaterfallPiano 引擎群（补充）,4. NoteColorMapper,`src/views/WaterfallPiano/engine/NoteColorMapper.ts` L14-18,`HAND_COLORS`,"`""#3b82f6"", ""#f59e0b"", ""#9ca3af""`",左右手颜色映射,硬编码颜色不随主题变化,使用 CSS 变量或配置项,
八、WaterfallPiano 引擎群（补充）,4. NoteColorMapper,`src/views/WaterfallPiano/engine/NoteColorMapper.ts` L20-22,"`PITCH_LOW=21, PITCH_MID=60, PITCH_HIGH=108`","`21, 60, 108`",音高分区阈值,音乐理论固定值（A0/C4/C8）,合理,
八、WaterfallPiano 引擎群（补充）,4. NoteColorMapper,`src/views/WaterfallPiano/engine/NoteColorMapper.ts` L78-82,`DEFAULT_CUSTOM`,"`""#6366f1"", ""#14b8a6"", ""#f59e0b""`",默认自定义配色,与 constants.ts 重复,统一为单一来源,
八、WaterfallPiano 引擎群（补充）,4. NoteColorMapper,`src/views/WaterfallPiano/engine/NoteColorMapper.ts` L103,`(midi * 23) % 360`,"`23, 360`",rainbow 色相计算,魔法数字,提取为常量,
八、WaterfallPiano 引擎群（补充）,4. NoteColorMapper,`src/views/WaterfallPiano/engine/NoteColorMapper.ts` L106,"`(midi % 6) * 15, 85, 55`","`6, 15, 85, 55`",warm 配色参数,魔法数字,提取为配色配置,
八、WaterfallPiano 引擎群（补充）,4. NoteColorMapper,`src/views/WaterfallPiano/engine/NoteColorMapper.ts` L109,"`(midi % 6) * 20 + 180, 75, 55`","`6, 20, 180, 75, 55`",cool 配色参数,同上,同上,
八、WaterfallPiano 引擎群（补充）,4. NoteColorMapper,`src/views/WaterfallPiano/engine/NoteColorMapper.ts` L112,"`(midi % 4) * 60 + 280, 95, 60`","`4, 60, 280, 95, 60`",neon 配色参数,同上,同上,
八、WaterfallPiano 引擎群（补充）,5. PerformanceMonitor,`src/views/WaterfallPiano/engine/PerformanceMonitor.ts` L1,`const WINDOW_SIZE = 60`,`60`,FPS 滑动窗口大小,魔法数字,已为常量,
八、WaterfallPiano 引擎群（补充）,5. PerformanceMonitor,`src/views/WaterfallPiano/engine/PerformanceMonitor.ts` L2,`const DEGRADE_THRESHOLD_FPS = 45`,`45`,降级 FPS 阈值,魔法数字,已为常量,
八、WaterfallPiano 引擎群（补充）,5. PerformanceMonitor,`src/views/WaterfallPiano/engine/PerformanceMonitor.ts` L3,`const DEGRADE_CONSECUTIVE_FRAMES = 30`,`30`,降级连续帧数阈值,魔法数字,已为常量,
八、WaterfallPiano 引擎群（补充）,5. PerformanceMonitor,`src/views/WaterfallPiano/engine/PerformanceMonitor.ts` L18,`deltaTime > 0 ? deltaTime : 16.67`,`16.67`,默认帧时间（60fps）,魔法数字,提取为 `DEFAULT_FRAME_TIME` 常量,
八、WaterfallPiano 引擎群（补充）,5. PerformanceMonitor,`src/views/WaterfallPiano/engine/PerformanceMonitor.ts` L23,`1000 / dt`,`1000`,ms→fps 转换,合理,保持现状,
八、WaterfallPiano 引擎群（补充）,6. WaterfallEngine,`src/views/WaterfallPiano/engine/WaterfallEngine.ts` L21,`Math.random() * 1000`,`1000`,PerlinNoise 输入范围,魔法数字,提取为常量,
八、WaterfallPiano 引擎群（补充）,6. WaterfallEngine,`src/views/WaterfallPiano/engine/WaterfallEngine.ts` L46,`const DEFAULT_VELOCITY = 90`,`90`,默认 MIDI 力度,魔法数字,已为常量,
八、WaterfallPiano 引擎群（补充）,6. WaterfallEngine,`src/views/WaterfallPiano/engine/WaterfallEngine.ts` L209,`Math.min(window.devicePixelRatio \,\,"1, 2)`",`2`,DPR 上限,
八、WaterfallPiano 引擎群（补充）,6. WaterfallEngine,`src/views/WaterfallPiano/engine/WaterfallEngine.ts` L211,"`Math.max(80, Math.floor(height * kbRatio))`",`80`,键盘最小高度,魔法数字,提取为 `MIN_KEYBOARD_HEIGHT` 常量,
八、WaterfallPiano 引擎群（补充）,6. WaterfallEngine,`src/views/WaterfallPiano/engine/WaterfallEngine.ts` L402,`0.4 + (velocity / 127) * 0.3`,"`0.4, 0.3, 127`",splat 亮度计算,魔法数字,提取为常量,
八、WaterfallPiano 引擎群（补充）,6. WaterfallEngine,`src/views/WaterfallPiano/engine/WaterfallEngine.ts` L416,`let dy = 200`,`200`,splat 默认 dy,魔法数字,提取为 `DEFAULT_SPLAT_DY` 常量,
八、WaterfallPiano 引擎群（补充）,6. WaterfallEngine,`src/views/WaterfallPiano/engine/WaterfallEngine.ts` L419-420,`* 0.02`,`0.02`,positionJitter 系数,魔法数字,提取为常量,
八、WaterfallPiano 引擎群（补充）,6. WaterfallEngine,`src/views/WaterfallPiano/engine/WaterfallEngine.ts` L446,"`hslToRgbNorm(hue, 0.9, 0.6)`","`0.9, 0.6`",hitExplosion 颜色参数,魔法数字,提取为常量,
八、WaterfallPiano 引擎群（补充）,6. WaterfallEngine,`src/views/WaterfallPiano/engine/WaterfallEngine.ts` L457,`spread * 5000`,`5000`,hitExplosion 力度系数,魔法数字,提取为常量,
八、WaterfallPiano 引擎群（补充）,6. WaterfallEngine,`src/views/WaterfallPiano/engine/WaterfallEngine.ts` L458,`let colorMul = 0.7`,`0.7`,hitExplosion 颜色倍率,魔法数字,提取为常量,
八、WaterfallPiano 引擎群（补充）,6. WaterfallEngine,`src/views/WaterfallPiano/engine/WaterfallEngine.ts` L475,`force * 0.6`,`0.6`,hitExplosion 左右 splat 力度比例,魔法数字,提取为常量,
八、WaterfallPiano 引擎群（补充）,6. WaterfallEngine,`src/views/WaterfallPiano/engine/WaterfallEngine.ts` L490,`const FLUID_SKIP_FRAMES = 1`,`1`,流体降帧帧数,魔法数字,已为常量,
八、WaterfallPiano 引擎群（补充）,6. WaterfallEngine,`src/views/WaterfallPiano/engine/WaterfallEngine.ts` L520,"`ctx.font = ""bold 12px monospace""`","`""bold 12px monospace""`",FPS 显示字体,硬编码字体,提取为常量,
八、WaterfallPiano 引擎群（补充）,6. WaterfallEngine,`src/views/WaterfallPiano/engine/WaterfallEngine.ts` L521,"`ctx.fillStyle = ""rgba(255, 255, 255, 0.8)""`","`""rgba(255, 255, 255, 0.8)""`",FPS 显示颜色,硬编码颜色,提取为常量,
八、WaterfallPiano 引擎群（补充）,6. WaterfallEngine,`src/views/WaterfallPiano/engine/WaterfallEngine.ts` L522,"`ctx.shadowColor = ""rgba(0, 0, 0, 0.5)""`","`""rgba(0, 0, 0, 0.5)""`",FPS 显示阴影色,同上,同上,
八、WaterfallPiano 引擎群（补充）,6. WaterfallEngine,`src/views/WaterfallPiano/engine/WaterfallEngine.ts` L523,`ctx.shadowBlur = 4`,`4`,FPS 显示阴影模糊,魔法数字,提取为常量,
八、WaterfallPiano 引擎群（补充）,6. WaterfallEngine,`src/views/WaterfallPiano/engine/WaterfallEngine.ts` L524,"`ctx.fillText(\`FPS: ${...}\`, 10, 20)`","`10, 20`",FPS 显示位置,魔法数字,提取为常量,
八、WaterfallPiano 引擎群（补充）,6. WaterfallEngine,`src/views/WaterfallPiano/engine/WaterfallEngine.ts` L549,"`hslToRgbNorm(hue, 0.8, 0.4)`","`0.8, 0.4`",sustainedSplat 颜色参数,魔法数字,提取为常量,
八、WaterfallPiano 引擎群（补充）,6. WaterfallEngine,`src/views/WaterfallPiano/engine/WaterfallEngine.ts` L560,`let dy = 60`,`60`,sustainedSplat 默认 dy,魔法数字,提取为常量,
八、WaterfallPiano 引擎群（补充）,6. WaterfallEngine,`src/views/WaterfallPiano/engine/WaterfallEngine.ts` L561,`let colorMul = 0.4`,`0.4`,sustainedSplat 颜色倍率,同上,同上,
八、WaterfallPiano 引擎群（补充）,6. WaterfallEngine,`src/views/WaterfallPiano/engine/WaterfallEngine.ts` L598,"`hslToRgbNorm(hue, 0.8, 0.5)`","`0.8, 0.5`",blockCoverage 颜色参数,同上,同上,
八、WaterfallPiano 引擎群（补充）,6. WaterfallEngine,`src/views/WaterfallPiano/engine/WaterfallEngine.ts` L609,`let dy = -20`,`-20`,blockCoverage 默认 dy,同上,同上,
八、WaterfallPiano 引擎群（补充）,6. WaterfallEngine,`src/views/WaterfallPiano/engine/WaterfallEngine.ts` L610,`let colorMul = 0.3`,`0.3`,blockCoverage 颜色倍率,同上,同上,
八、WaterfallPiano 引擎群（补充）,6. WaterfallEngine,`src/views/WaterfallPiano/engine/WaterfallEngine.ts` L636,`now - lastPerfLog > 1000`,`1000`,性能日志间隔,魔法数字,提取为 `PERF_LOG_INTERVAL` 常量,
八、WaterfallPiano 引擎群（补充）,6. WaterfallEngine,`src/views/WaterfallPiano/engine/WaterfallEngine.ts` L761-763,`parseInt(...) \,\,0) / 255`,`255`,hex→rgb 归一化系数,
八、WaterfallPiano 引擎群（补充）,7. SoundEngine,`src/views/WaterfallPiano/audio/SoundEngine.ts` L4,`const DEFAULT_VOLUME = 0.8`,`0.8`,默认音量,魔法数字,已为常量,
八、WaterfallPiano 引擎群（补充）,7. SoundEngine,`src/views/WaterfallPiano/audio/SoundEngine.ts` L5,`const DEFAULT_REVERB_DECAY = 2`,`2`,默认混响衰减,魔法数字,已为常量,
八、WaterfallPiano 引擎群（补充）,7. SoundEngine,`src/views/WaterfallPiano/audio/SoundEngine.ts` L6,`const DEFAULT_REVERB_WET = 0.3`,`0.3`,默认混响湿度,魔法数字,已为常量,
八、WaterfallPiano 引擎群（补充）,7. SoundEngine,`src/views/WaterfallPiano/audio/SoundEngine.ts` L84-88,"`envelope = { attack: 0.002, decay: 0.3, sustain: 0.3, release: 1.0 }`","`0.002, 0.3, 0.3, 1.0`",默认包络参数,魔法数字,提取为 `DEFAULT_ENVELOPE` 常量,
八、WaterfallPiano 引擎群（补充）,7. SoundEngine,`src/views/WaterfallPiano/audio/SoundEngine.ts` L89-93,"`modEnvelope = { attack: 0.005, decay: 0.5, sustain: 0.2, release: 0.5 }`","`0.005, 0.5, 0.2, 0.5`",默认调制包络,同上,提取为 `DEFAULT_MOD_ENVELOPE` 常量,
八、WaterfallPiano 引擎群（补充）,7. SoundEngine,`src/views/WaterfallPiano/audio/SoundEngine.ts` L97,`harmonicity: c.harmonicity ?? 2`,`2`,默认谐波性,魔法数字,提取为常量,
八、WaterfallPiano 引擎群（补充）,7. SoundEngine,`src/views/WaterfallPiano/audio/SoundEngine.ts` L98,`modulationIndex: c.modulationIndex ?? 10`,`10`,默认调制指数,同上,同上,
八、WaterfallPiano 引擎群（补充）,7. SoundEngine,`src/views/WaterfallPiano/audio/SoundEngine.ts` L99,"`oscillatorType: c.oscillatorType ?? ""triangle""`","`""triangle""`",默认振荡器类型,字符串硬编码,提取为常量,
八、WaterfallPiano 引擎群（补充）,7. SoundEngine,`src/views/WaterfallPiano/audio/SoundEngine.ts` L104,"`modulation: { type: ""sine"" }`","`""sine""`",调制振荡器类型,同上,同上,
八、WaterfallPiano 引擎群（补充）,7. SoundEngine,`src/views/WaterfallPiano/audio/SoundEngine.ts` L107,`this.synth.maxPolyphony = 64`,`64`,最大复音数,魔法数字,提取为 `MAX_POLYPHONY` 常量,
八、WaterfallPiano 引擎群（补充）,7. SoundEngine,`src/views/WaterfallPiano/audio/SoundEngine.ts` L124,`Math.abs(currentDecay - config.reverbDecay) > 0.5`,`0.5`,混响衰减差异阈值,魔法数字,提取为常量,
八、WaterfallPiano 引擎群（补充）,7. SoundEngine,`src/views/WaterfallPiano/audio/SoundEngine.ts` L149,`velocity / 127`,`127`,MIDI 力度归一化,合理（MIDI 协议固定值）,保持现状,
八、WaterfallPiano 引擎群（补充）,7. SoundEngine,`src/views/WaterfallPiano/audio/SoundEngine.ts` L149,`0.8`,`0.8`,力度灵敏度关闭时默认力度,魔法数字,提取为常量,
八、WaterfallPiano 引擎群（补充）,8. Recorder,`src/views/WaterfallPiano/audio/Recorder.ts` L57,`info.startTime / 1000`,`1000`,ms→s 转换,合理,保持现状,
八、WaterfallPiano 引擎群（补充）,8. Recorder,`src/views/WaterfallPiano/audio/Recorder.ts` L181,"`hand: n.hand ?? ""unknown""`","`""unknown""`",默认手别,字符串硬编码,提取为常量,
八、WaterfallPiano 引擎群（补充）,8. Recorder,`src/views/WaterfallPiano/audio/Recorder.ts` L182,`trackIndex: -1`,`-1`,默认轨道索引（占位）,魔法数字,提取为 `PLACEHOLDER_TRACK_INDEX` 常量,
八、WaterfallPiano 引擎群（补充）,9. useRealtimeMidi,`src/views/WaterfallPiano/composables/useRealtimeMidi.ts` L29,`message.length < 2`,`2`,MIDI 消息最小长度,魔法数字,提取为 `MIN_MIDI_MSG_LEN` 常量,
八、WaterfallPiano 引擎群（补充）,9. useRealtimeMidi,`src/views/WaterfallPiano/composables/useRealtimeMidi.ts` L30,`message[0] & 0xf0`,`0xf0`,MIDI 状态字节掩码,合理（MIDI 协议固定值）,保持现状,
八、WaterfallPiano 引擎群（补充）,9. useRealtimeMidi,`src/views/WaterfallPiano/composables/useRealtimeMidi.ts` L34,`status === 0x90 && velocity > 0`,`0x90`,Note On 状态字节,同上,同上,
八、WaterfallPiano 引擎群（补充）,9. useRealtimeMidi,`src/views/WaterfallPiano/composables/useRealtimeMidi.ts` L38,`status === 0x80`,`0x80`,Note Off 状态字节,同上,同上,
八、WaterfallPiano 引擎群（补充）,9. useRealtimeMidi,`src/views/WaterfallPiano/composables/useRealtimeMidi.ts` L42,`status === 0xb0`,`0xb0`,CC 状态字节,同上,同上,
八、WaterfallPiano 引擎群（补充）,9. useRealtimeMidi,`src/views/WaterfallPiano/composables/useRealtimeMidi.ts` L45,`controller === 64`,`64`,延音踏板 CC 编号,同上,同上,
八、WaterfallPiano 引擎群（补充）,9. useRealtimeMidi,`src/views/WaterfallPiano/composables/useRealtimeMidi.ts` L46,`value >= 64`,`64`,延音踏板触发阈值,同上,同上,
九、布局与导航组件（补充）,1. AppNavbar,`src/views/Layout/AppNavbar.vue` L46-127,5 个 SVG 图标路径,SVG path 数据,窗口控制按钮图标,长字符串硬编码,提取为独立 SVG 组件,
九、布局与导航组件（补充）,1. AppNavbar,`src/views/Layout/AppNavbar.vue` L185-187,"`currentLatency.value < 10, < 30`","`10, 30`",延迟状态阈值,魔法数字,"提取为 `LATENCY_GOOD_THRESHOLD, LATENCY_WARN_THRESHOLD` 常量",
九、布局与导航组件（补充）,1. AppNavbar,`src/views/Layout/AppNavbar.vue` L199-201,`navItems` 数组,"`""/home"", ""nav.home"", ""home"", ""/chord-dictionary"", ""nav.chordDictionary"", ""book""`",导航项配置,路径/i18n key/图标名散布,提取为路由配置数据,
九、布局与导航组件（补充）,1. AppNavbar,`src/views/Layout/AppNavbar.vue` L266,`height: 40px; min-height: 40px;`,`40px`,导航栏高度,像素值硬编码,提取为 CSS 变量,
九、布局与导航组件（补充）,1. AppNavbar,`src/views/Layout/AppNavbar.vue` L269,`padding: 0 8px; gap: 4px;`,"`8px, 4px`",导航栏内边距/间距,同上,同上,
九、布局与导航组件（补充）,1. AppNavbar,`src/views/Layout/AppNavbar.vue` L280,`width: 78px`,`78px`,macOS 交通灯占位宽度,同上,同上,
九、布局与导航组件（补充）,1. AppNavbar,`src/views/Layout/AppNavbar.vue` L316-317,`width: 32px; height: 32px;`,`32px`,操作按钮尺寸,同上,同上,
九、布局与导航组件（补充）,1. AppNavbar,`src/views/Layout/AppNavbar.vue` L318,`border-radius: 8px`,`8px`,操作按钮圆角,同上,同上,
九、布局与导航组件（补充）,1. AppNavbar,`src/views/Layout/AppNavbar.vue` L340-342,`width: 24px; height: 24px;`,`24px`,状态指示器尺寸,同上,同上,
九、布局与导航组件（补充）,1. AppNavbar,`src/views/Layout/AppNavbar.vue` L348-349,`width: 8px; height: 8px;`,`8px`,延迟圆点尺寸,同上,同上,
九、布局与导航组件（补充）,1. AppNavbar,`src/views/Layout/AppNavbar.vue` L369-370,`width: 10px; height: 10px;`,`10px`,脉冲指示器尺寸,同上,同上,
九、布局与导航组件（补充）,1. AppNavbar,`src/views/Layout/AppNavbar.vue` L372,`animation: status-pulse 1.5s ease-in-out infinite`,`1.5s`,脉冲动画时长,同上,同上,
九、布局与导航组件（补充）,1. AppNavbar,`src/views/Layout/AppNavbar.vue` L414-415,`width: 36px; height: 28px;`,"`36px, 28px`",窗口控制按钮尺寸,同上,同上,
九、布局与导航组件（补充）,1. AppNavbar,`src/views/Layout/AppNavbar.vue` L423,`border-radius: 4px`,`4px`,窗口控制按钮圆角,同上,同上,
九、布局与导航组件（补充）,1. AppNavbar,`src/views/Layout/AppNavbar.vue` L432,`background-color: #e81123`,`#e81123`,关闭按钮 hover 色（Windows 红）,硬编码颜色,提取为 CSS 变量,
九、布局与导航组件（补充）,1. AppNavbar,`src/views/Layout/AppNavbar.vue` L436,`@media (max-width: 768px)`,`768px`,移动端断点,与 Tailwind 断点需一致,提取为共享断点常量,
九、布局与导航组件（补充）,1. AppNavbar,`src/views/Layout/AppNavbar.vue` L438-439,`height: 36px; min-height: 36px;`,`36px`,移动端导航栏高度,像素值硬编码,提取为 CSS 变量,
九、布局与导航组件（补充）,1. AppNavbar,`src/views/Layout/AppNavbar.vue` L454,`width: 68px`,`68px`,移动端 macOS 占位宽度,同上,同上,
九、布局与导航组件（补充）,2. Home.vue 与 ModuleCard.vue,`src/views/Home.vue` L11-13,"`:to=""\`/chords/${module.id}\`"", :settings-to=""\`/settings/chords/${module.id}\`""`","`""/chords/"", ""/settings/chords/""`",路由路径模板,路径硬编码,提取为路由配置,
九、布局与导航组件（补充）,2. Home.vue 与 ModuleCard.vue,`src/views/Home.vue` L15,"`icon=""mdi-piano""`","`""mdi-piano""`",MDI 图标名,字符串硬编码,已通过 ModuleCard 映射,
九、布局与导航组件（补充）,2. Home.vue 与 ModuleCard.vue,`src/views/Home.vue` L18-19,"`to=""/chord-dictionary"", settings-to=""/settings/chord-dictionary""`","`""/chord-dictionary"", ""/settings/chord-dictionary""`",路由路径,同上,同上,
九、布局与导航组件（补充）,2. Home.vue 与 ModuleCard.vue,`src/views/Home.vue` L22,"`icon=""mdi-book-open-page-variant""`","`""mdi-book-open-page-variant""`",MDI 图标名,同上,同上,
九、布局与导航组件（补充）,2. Home.vue 与 ModuleCard.vue,`src/views/Home.vue` L25-26,"`to=""/waterfall-piano"", settings-to=""/settings/waterfall-piano""`","`""/waterfall-piano"", ""/settings/waterfall-piano""`",路由路径,同上,同上,
九、布局与导航组件（补充）,2. Home.vue 与 ModuleCard.vue,`src/views/Home.vue` L29,"`icon=""mdi-piano""`","`""mdi-piano""`",MDI 图标名,同上,同上,
九、布局与导航组件（补充）,2. Home.vue 与 ModuleCard.vue,`src/views/Home.vue` L32-33,"`to=""/settings/routing"", settings-to=""/settings/routing""`","`""/settings/routing""`",路由路径,同上,同上,
九、布局与导航组件（补充）,2. Home.vue 与 ModuleCard.vue,`src/views/Home.vue` L35,"`icon=""mdi-swap-horizontal""`","`""mdi-swap-horizontal""`",MDI 图标名,同上,同上,
九、布局与导航组件（补充）,2. Home.vue 与 ModuleCard.vue,`src/views/Home.vue` L38-39,"`to=""/settings/debug"", settings-to=""/settings/debug""`","`""/settings/debug""`",路由路径,同上,同上,
九、布局与导航组件（补充）,2. Home.vue 与 ModuleCard.vue,`src/views/Home.vue` L41,"`icon=""mdi-bug""`","`""mdi-bug""`",MDI 图标名,同上,同上,
九、布局与导航组件（补充）,2. Home.vue 与 ModuleCard.vue,`src/views/components/ModuleCard.vue` L3-7,"`:initial=""{ opacity: 0, y: 12 }"", :animate=""{ opacity: 1, y: 0 }""`","`0, 12, 1, 0`",动画初始/结束值,魔法数字,提取为动画常量,
九、布局与导航组件（补充）,2. Home.vue 与 ModuleCard.vue,`src/views/components/ModuleCard.vue` L5,"`:transition=""{ duration: 0.3, ease: [0.2, 0.8, 0.2, 1] }""`","`0.3, [0.2, 0.8, 0.2, 1]`",动画过渡参数,同上,同上,
九、布局与导航组件（补充）,2. Home.vue 与 ModuleCard.vue,`src/views/components/ModuleCard.vue` L6,"`:while-hover=""{ y: -4 }""`",`-4`,hover 位移,同上,同上,
九、布局与导航组件（补充）,2. Home.vue 与 ModuleCard.vue,`src/views/components/ModuleCard.vue` L7,"`:while-press=""{ scale: 0.98 }""`",`0.98`,按下缩放,同上,同上,
九、布局与导航组件（补充）,2. Home.vue 与 ModuleCard.vue,`src/views/components/ModuleCard.vue` L22,"`class=""... w-14 h-14 rounded-2xl ...""`","`w-14, h-14, rounded-2xl`",图标容器尺寸,Tailwind 类名硬编码,合理,
九、布局与导航组件（补充）,2. Home.vue 与 ModuleCard.vue,`src/views/components/ModuleCard.vue` L25,"`:size=""28""`",`28`,图标尺寸,魔法数字,提取为常量,
九、布局与导航组件（补充）,2. Home.vue 与 ModuleCard.vue,`src/views/components/ModuleCard.vue` L42,"`:size=""16""`",`16`,设置图标尺寸,同上,同上,
九、布局与导航组件（补充）,2. Home.vue 与 ModuleCard.vue,`src/views/components/ModuleCard.vue` L74-81,`MDI_TO_ICON` 映射表,`6 个 MDI→Icon 映射`,图标名转换,映射表硬编码,提取为配置文件,
九、布局与导航组件（补充）,2. Home.vue 与 ModuleCard.vue,`src/views/components/ModuleCard.vue` L84,`(MDI_TO_ICON[mdiName] \,\,"""home"") as IconName`","`""home""`",默认图标名,
十、综合分类统计（含补充扫描）,,类别,数量,风险等级,说明,,,
十、综合分类统计（含补充扫描）,,应用标识/版本号,5,**高**,多处重复（tauri.conf.json、Cargo.toml、index.html），需统一来源,,,
十、综合分类统计（含补充扫描）,,localStorage 键名,6,**中**,分散在各 store 中，需统一管理,,,
十、综合分类统计（含补充扫描）,,Tauri 事件名,12+,**高**,前后端事件名需严格一致，散布在 lib.rs、tauri.ts、各 composable 中,,,
十、综合分类统计（含补充扫描）,,MIDI 客户端名称,6,**中**,"""midi-jar-input/output/route/debug/virtual-input/virtual-output"" 多处重复",,,
十、综合分类统计（含补充扫描）,,窗口/布局尺寸,40+,**中**,DEFAULT_WIDTH/HEIGHT、min_inner_size、verticalGap、AppNavbar 尺寸、ModuleCard 尺寸等散布多处,,,
十、综合分类统计（含补充扫描）,,颜色值 (hex/oklch/rgba),35+,**中**,默认颜色硬编码在 constants、CSS、KeyboardRenderer (#666/#999)、NoteColorMapper、WaterfallEngine FPS 显示中,,,
十、综合分类统计（含补充扫描）,,国际化缺失字符串,12+,**高**,"""MIDI Files""、""Internal Modules""、错误消息、""preferred""、""unknown""、MDI 图标名等未走 i18n",,,
十、综合分类统计（含补充扫描）,,数据映射表,5,**低**,和弦数据、MIDI_CMD/CC、图标路径、MDI_TO_ICON、HAND_COLORS（数据性质，硬编码合理）,,,
十、综合分类统计（含补充扫描）,,流体/Shader 参数,30+,**低**,物理模拟参数，已有良好预设组织,,,
十、综合分类统计（含补充扫描）,,CSS 设计 Token,30+,**低**,已为 CSS 变量，是良好实践,,,
十、综合分类统计（含补充扫描）,,构建配置,5,**低**,vite.config.ts 参数，构建时使用,,,
十、综合分类统计（含补充扫描）,,**Notation 默认配置**（新增）,20+,**中**,defaultLayoutConfig 10 个尺寸、defaultStyleConfig 颜色、设置项 min/max/step 范围,,,
十、综合分类统计（含补充扫描）,,**CustomCursor 参数**（新增）,15+,**中**,INTERACTIVE_SELECTOR 11 个选择器、z-index、border-radius、尺寸范围,,,
十、综合分类统计（含补充扫描）,,**ChordDisplay 参数**（新增）,15+,**中**,midiChannel、namespace 前缀、min-h 像素值、设置项范围,,,
十、综合分类统计（含补充扫描）,,**WaterfallPiano 引擎参数**（新增）,60+,**中**,黑键比例、MIDI 范围、对象池容量、glow 动画阈值、splat 参数、音频包络、复音数等大量魔法数字,,,
十、综合分类统计（含补充扫描）,,**PianoKeyboard 工具函数**（新增）,10+,**低**,"CSS 类名字符串（""active""/""wrapped""/""tonic""/""info""）散布",,,
十、综合分类统计（含补充扫描）,,**MIDI 协议常量**（新增）,10+,**低**,0x80/0x90/0xb0/0xf0/64/127 等协议固定值，硬编码合理,,,
十、综合分类统计（含补充扫描）,,**重复定义常量**（新增）,8,**中**,BLACK_KEY_CLASSES/BLACK_KEY_WIDTH_RATIO 在 KeyboardRenderer 和 NoteBlockSystem 重复；DEFAULT_CUSTOM 在 constants.ts 和 NoteColorMapper 重复；BASE_SIZE 等在 classic/flat 重复,,,
十二、第三轮补充扫描发现（全项目逐文件扫描）,12.1 Notation 渲染辅助文件（此前遗漏）,"`src/components/Notation/renderer.ts` L142, L154, L234",`x: 0` (3 处),`0`,谱表 X 坐标硬编码为 0,与 layout.sidePadding 设计不一致,使用 `layout.sidePadding * scale` 替代,
十二、第三轮补充扫描发现（全项目逐文件扫描）,12.1 Notation 渲染辅助文件（此前遗漏）,`src/components/Notation/renderer.ts` L167,"`connector.setType(""single"")`","`""single""`",大谱表连接器类型,字符串字面量,抽为 `STAVE_CONNECTOR_TYPE` 常量,
十二、第三轮补充扫描发现（全项目逐文件扫描）,12.1 Notation 渲染辅助文件（此前遗漏）,"`src/components/Notation/renderer.ts` L172, L173","`getVoice(notes, ""treble"")` / `""bass""`","`""treble""`、`""bass""`",谱号字符串硬编码,与 StaveClef 类型重复,抽为 `CLEF_TREBLE`/`CLEF_BASS` 常量,
十二、第三轮补充扫描发现（全项目逐文件扫描）,12.1 Notation 渲染辅助文件（此前遗漏）,`src/components/Notation/renderer.ts` L253,`filterClef: false`,`false`,单谱表渲染时不按谱号过滤音符,布尔参数硬编码（用户指出）,抽为 `SINGLE_STAFF_FILTER_CLEF` 常量并注释,
十二、第三轮补充扫描发现（全项目逐文件扫描）,12.1 Notation 渲染辅助文件（此前遗漏）,`src/components/Notation/layout.ts` L63,`containerWidth * 0.8`,`0.8`,缩放比例下限 80%,魔法数字,抽为 `MIN_SCALE_RATIO = 0.8`,
十二、第三轮补充扫描发现（全项目逐文件扫描）,12.1 Notation 渲染辅助文件（此前遗漏）,"`src/components/Notation/layout.ts` L94, L96, L97",`trebleY = 0; bassY = 0; singleY = 0`,`0` (3 处),单谱表模式下的占位零值,占位值含义不明,抽为 `UNUSED_AXIS_PLACEHOLDER` 或注释说明,
十二、第三轮补充扫描发现（全项目逐文件扫描）,12.1 Notation 渲染辅助文件（此前遗漏）,`src/components/Notation/layout.ts` L124,`10 * scale`,`10`,noteStartX 额外偏移量,魔法数字，无注释,抽为 `NOTE_START_X_OFFSET = 10` 并注释,
十二、第三轮补充扫描发现（全项目逐文件扫描）,12.1 Notation 渲染辅助文件（此前遗漏）,`src/components/Notation/utils.ts` L15,`const NOTE_REGEX = /([a-g])(b\,#)?(\d+)/i`,正则表达式,音符字符串解析,正则硬编码,
十二、第三轮补充扫描发现（全项目逐文件扫描）,12.1 Notation 渲染辅助文件（此前遗漏）,`src/components/Notation/utils.ts` L16,"`const NOTE_C4_MIDI = Note.midi(""C4"") as number`","`""C4""`",中央 C 音名,与音乐理论常量重复,"抽为 `CENTRAL_C_NOTE = ""C4""`",
十二、第三轮补充扫描发现（全项目逐文件扫描）,12.1 Notation 渲染辅助文件（此前遗漏）,`src/components/Notation/utils.ts` L39,"`midi >= NOTE_C4_MIDI ? ""treble"" : ""bass""`","`""treble""`、`""bass""`",谱号分配阈值,字符串字面量,与 renderer.ts 共享常量,
十二、第三轮补充扫描发现（全项目逐文件扫描）,12.1 Notation 渲染辅助文件（此前遗漏）,`src/components/Notation/utils.ts` L56,`filterClef = true`,`true`,默认按谱号过滤,默认布尔值,可接受,
十二、第三轮补充扫描发现（全项目逐文件扫描）,12.1 Notation 渲染辅助文件（此前遗漏）,`src/components/Notation/utils.ts` L72,"`duration: ""1""`","`""1""`",音符时值（全音符）,VexFlow 时值字符串,"抽为 `NOTE_DURATION_WHOLE = ""1""`",
十二、第三轮补充扫描发现（全项目逐文件扫描）,12.1 Notation 渲染辅助文件（此前遗漏）,`src/components/Notation/utils.ts` L107,`transpose = 0`,`0`,默认不移调,默认值,可接受,
十二、第三轮补充扫描发现（全项目逐文件扫描）,12.2 MIDI 模块（前后端）,`src/midi/MidiDeviceManager.ts` L10-14,"`const MODULE_OUTPUTS = [""chord-dictionary"", ""chord-display/default"", ""debugger""]`",3 个模块名字符串,前端内部模块输出列表,与 Rust 端 `MODULE_OUTPUTS` 重复定义,前后端共享常量,
十二、第三轮补充扫描发现（全项目逐文件扫描）,12.2 MIDI 模块（前后端）,`src/midi/MidiDeviceManager.ts` L99-105,"`name: ""internal"", type: ""internal"", opened: true, connected: true, error: false`","`""internal""`、3 个布尔值",合并 internal 设备对象,字符串和布尔值散落,抽为 `INTERNAL_DEVICE` 工厂,
十二、第三轮补充扫描发现（全项目逐文件扫描）,12.2 MIDI 模块（前后端）,`src/midi/MidiDeviceManager.ts` L109,"`if (output.type === ""physical"")`","`""physical""`",物理设备类型判断,字符串字面量,抽为 `DEVICE_TYPE_PHYSICAL`,
十二、第三轮补充扫描发现（全项目逐文件扫描）,12.2 MIDI 模块（前后端）,"`src/midi/MidiMessageManager.ts` L18-22, L36, L46, L150","`""message""` (4 处)","`""message""`",事件类型字面量,字符串重复 4 次,抽为 `MIDI_MESSAGE_EVENT`,
十二、第三轮补充扫描发现（全项目逐文件扫描）,12.2 MIDI 模块（前后端）,`src/midi/EventEmitter.ts` L3,"`createLogger(""EventEmitter"")`","`""EventEmitter""`",日志通道名,与类名耦合,可接受,
十二、第三轮补充扫描发现（全项目逐文件扫描）,12.2 MIDI 模块（前后端）,`src-tauri/src/midi/mod.rs` L19,`const REFRESH_LOOP_INTERVAL_MS: u64 = 1000`,`1000` (ms),设备热插拔轮询间隔,固定值不可配置,支持运行时配置,
十二、第三轮补充扫描发现（全项目逐文件扫描）,12.2 MIDI 模块（前后端）,"`src-tauri/src/midi/mod.rs` L64, L65, L76, L103, L104, L174, L212, L224, L236, L248","`""midi:inputs""`、`""midi:outputs""`、`""midi:wires""` (多处)",3 个事件名重复 10+ 次,Tauri 事件名,大量重复字符串,抽为共享常量 `EVENT_MIDI_*`,
十二、第三轮补充扫描发现（全项目逐文件扫描）,12.2 MIDI 模块（前后端）,"`src-tauri/src/midi/mod.rs` L54-74, L110-172",多处 `debug!(...)` 日志模板,日志格式字符串,调试日志,模板散落，格式不统一,统一封装日志宏,
十二、第三轮补充扫描发现（全项目逐文件扫描）,12.2 MIDI 模块（前后端）,`src-tauri/src/midi/output_device.rs` L33,"`output_type: ""physical"".to_string()`","`""physical""`",默认设备类型,与前端重复,前后端共享常量,
十二、第三轮补充扫描发现（全项目逐文件扫描）,12.2 MIDI 模块（前后端）,"`src-tauri/src/midi/wire.rs` L6, `output_device.rs` L6, `route.rs` L8","`#[serde(rename = ""type"")]`","`""type""` (3 处)",序列化字段重命名,重复 3 次,可接受（serde 惯例）,
十二、第三轮补充扫描发现（全项目逐文件扫描）,12.3 WaterfallPiano store/state/midi/components,`src/views/WaterfallPiano/stores/WaterfallPiano.ts` L65-92,旧版大写字段名 `SPLAT_RADIUS`/`DENSITY_DISSIPATION` 等 8 个,旧版字段名常量,配置迁移,字符串散落,抽为 `LEGACY_FLUID_FIELD_MAP`,
十二、第三轮补充扫描发现（全项目逐文件扫描）,12.3 WaterfallPiano store/state/midi/components,`src/views/WaterfallPiano/stores/WaterfallPiano.ts` L67-68,`if (v > 10) v = v / 100; if (v > 0.01) v = v / 100`,`10`、`100`、`0.01`,splatRadius 归一化,魔法数字,抽为 `SPLAT_RADIUS_LEGACY_THRESHOLD`,
十二、第三轮补充扫描发现（全项目逐文件扫描）,12.3 WaterfallPiano store/state/midi/components,`src/views/WaterfallPiano/stores/WaterfallPiano.ts` L69,"`Math.max(0.0001, Math.min(0.01, v))`",`0.0001`、`0.01`,取值范围钳制,与 UI 范围重复,抽为 `SPLAT_RADIUS_MIN/MAX`,
十二、第三轮补充扫描发现（全项目逐文件扫描）,12.3 WaterfallPiano store/state/midi/components,"`src/views/WaterfallPiano/stores/WaterfallPiano.ts` L75, L81",`1 - (...) / 4`,`4` (2 处),旧版扩散换算分母,魔法数字,抽为 `LEGACY_DISSIPATION_DIVISOR`,
十二、第三轮补充扫描发现（全项目逐文件扫描）,12.3 WaterfallPiano store/state/midi/components,`src/views/WaterfallPiano/stores/WaterfallPiano.ts` L106,`` `${STORAGE_KEY}__version` ``,"`""__version""`",版本键名后缀,字符串散落,抽为 `VERSION_KEY_SUFFIX`,
十二、第三轮补充扫描发现（全项目逐文件扫描）,12.3 WaterfallPiano store/state/midi/components,`src/views/WaterfallPiano/stores/WaterfallPiano.ts` L134-135,"`bgType === ""fluid""`、`bgType = ""preset""`、`fluidEnabled = true`","`""fluid""`、`""preset""`、`true`",旧版背景类型迁移,字符串硬编码,用 `BackgroundType` 枚举,
十二、第三轮补充扫描发现（全项目逐文件扫描）,12.3 WaterfallPiano store/state/midi/components,`src/views/WaterfallPiano/stores/WaterfallPiano.ts` L190,"`defineStore(""WaterfallPiano"", ...)`","`""WaterfallPiano""`",Pinia store id,字符串硬编码,抽为 `STORE_ID`,
十二、第三轮补充扫描发现（全项目逐文件扫描）,12.3 WaterfallPiano store/state/midi/components,`src/views/WaterfallPiano/stores/WaterfallPiano.ts` L225,"`}, 300)`",`300`,debounce 延迟 ms,魔法数字,抽为 `SETTINGS_SAVE_DEBOUNCE_MS`,
十二、第三轮补充扫描发现（全项目逐文件扫描）,12.3 WaterfallPiano store/state/midi/components,`src/views/WaterfallPiano/midi/MidiFilePlayer.ts` L69,`` `Track ${idx + 1}` ``,"`""Track ""`",缺省轨道名前缀,未 i18n,抽常量并接入 i18n,
十二、第三轮补充扫描发现（全项目逐文件扫描）,12.3 WaterfallPiano store/state/midi/components,`src/views/WaterfallPiano/midi/MidiFilePlayer.ts` L71,`instrument.name \,\,"""Unknown""`","`""Unknown""`",缺省乐器名,
十二、第三轮补充扫描发现（全项目逐文件扫描）,12.3 WaterfallPiano store/state/midi/components,`src/views/WaterfallPiano/midi/MidiFilePlayer.ts` L93-94,"`trackIdx === 0 ? ""right"" : trackIdx === 1 ? ""left"" : ""unknown""`","`0`、`1`、`""right""`、`""left""`、`""unknown""`",按轨道索引推断左右手,硬编码索引假设,抽为 `RIGHT_HAND_TRACK_IDX` 等,
十二、第三轮补充扫描发现（全项目逐文件扫描）,12.3 WaterfallPiano store/state/midi/components,`src/views/WaterfallPiano/midi/MidiFilePlayer.ts` L98,`Math.round(note.velocity * 127)`,`127`,MIDI velocity 上限,魔法数字,抽为 `MIDI_VELOCITY_MAX`,
十二、第三轮补充扫描发现（全项目逐文件扫描）,12.3 WaterfallPiano store/state/midi/components,`src/views/WaterfallPiano/midi/MidiFilePlayer.ts` L187,`Tone.getTransport().bpm.value = 120 * speed`,`120`,基准 BPM,未考虑 MIDI 原始 tempo,抽为 `BASE_BPM` 或读取 header,
十二、第三轮补充扫描发现（全项目逐文件扫描）,12.3 WaterfallPiano store/state/midi/components,`src/views/WaterfallPiano/state/PlayerStateMachine.ts` L24-31,"`PlayerState = ""idle"" \","""loading"" \","""ready"" \","""playing"" \","""paused"" \",
十二、第三轮补充扫描发现（全项目逐文件扫描）,12.3 WaterfallPiano store/state/midi/components,`src/views/WaterfallPiano/WaterfallPiano.vue` L2,"`class=""fixed inset-0 flex flex-col bg-black overflow-hidden""`",`bg-black`,根容器背景,颜色硬编码不随主题,使用主题色 token,
十二、第三轮补充扫描发现（全项目逐文件扫描）,12.3 WaterfallPiano store/state/midi/components,`src/views/WaterfallPiano/WaterfallPiano.vue` L21,`$router.push('/home')`,"`""/home""`",返回路由,字符串硬编码,抽 `ROUTE_HOME`,
十二、第三轮补充扫描发现（全项目逐文件扫描）,12.3 WaterfallPiano store/state/midi/components,"`src/views/WaterfallPiano/WaterfallPiano.vue` L23, L36, L44","`:size=""18""` (3 处)",`18`,工具栏图标尺寸,魔法数字重复,抽 `ICON_SIZE_TOOLBAR`,
十二、第三轮补充扫描发现（全项目逐文件扫描）,12.3 WaterfallPiano store/state/midi/components,`src/views/WaterfallPiano/WaterfallPiano.vue` L86,"`class=""absolute inset-0 ... bg-black/60 z-50""`",`bg-black/60`、`z-50`,错误遮罩,颜色与 z-index 硬编码,抽 token,
十二、第三轮补充扫描发现（全项目逐文件扫描）,12.3 WaterfallPiano store/state/midi/components,`src/views/WaterfallPiano/WaterfallPiano.vue` L90,"`:size=""48""`",`48`,错误图标尺寸,魔法数字,抽 `ICON_SIZE_ERROR`,
十二、第三轮补充扫描发现（全项目逐文件扫描）,12.3 WaterfallPiano store/state/midi/components,"`src/views/WaterfallPiano/WaterfallPiano.vue` L93, L99",`t(...) \,\,"""播放失败""` / `""重试""`",中文兜底文案,i18n 缺失 fallback,
十二、第三轮补充扫描发现（全项目逐文件扫描）,12.3 WaterfallPiano store/state/midi/components,"`src/views/WaterfallPiano/WaterfallPiano.vue` L135, L136","`ref<NoteBlockMode>(""realtime"")` / `ref<""none"" \","...>(""none"")`","`""realtime""`、`""none""`",默认模式,字符串硬编码,
十二、第三轮补充扫描发现（全项目逐文件扫描）,12.3 WaterfallPiano store/state/midi/components,`src/views/WaterfallPiano/WaterfallPiano.vue` L146,`const showFPS = ref(true)`,`true`,FPS 显示默认值,硬编码布尔,抽常量或来自设置,
十二、第三轮补充扫描发现（全项目逐文件扫描）,12.3 WaterfallPiano store/state/midi/components,`src/views/WaterfallPiano/components/WaterfallCanvas.vue` L79-80,"`engine?.triggerNoteOn(midi, 90)`",`90`,键盘默认 velocity,魔法数字,抽 `KEYBOARD_DEFAULT_VELOCITY`,
十二、第三轮补充扫描发现（全项目逐文件扫描）,12.3 WaterfallPiano store/state/midi/components,`src/views/WaterfallPiano/components/WaterfallCanvas.vue` L143,"`Math.max(1, rect.width)`",`1`,最小 canvas 尺寸,魔法数字,抽 `MIN_CANVAS_SIZE`,
十二、第三轮补充扫描发现（全项目逐文件扫描）,12.3 WaterfallPiano store/state/midi/components,`src/views/WaterfallPiano/components/PlaybackPanel.vue` L2,"`class=""absolute bottom-0 left-0 right-0 z-40""`",`z-40`,进度条层级,魔法 z-index,抽 z-index 常量,
十二、第三轮补充扫描发现（全项目逐文件扫描）,12.3 WaterfallPiano store/state/midi/components,`src/views/WaterfallPiano/components/PlaybackPanel.vue` L29-30,"`Math.min(100, ... * 100)`",`0`、`100`,进度百分比边界,魔法数字,抽 `PERCENT_MIN/MAX`,
十二、第三轮补充扫描发现（全项目逐文件扫描）,12.3 WaterfallPiano store/state/midi/components,`src/views/WaterfallPiano/components/WaterfallSettingsContent.vue` L19-22,"`:min=""0"" :max=""5"" :step=""0.1""`",`0`、`5`、`0.1`,particles.speed 范围,魔法数字,抽 `SPEED_MIN/MAX/STEP`,
十二、第三轮补充扫描发现（全项目逐文件扫描）,12.3 WaterfallPiano store/state/midi/components,`src/views/WaterfallPiano/components/WaterfallSettingsContent.vue` L385,`?? '#6366f1'`,"`""#6366f1""`",aura 主色默认值,颜色硬编码,抽 `AURA_DEFAULT_PRIMARY_COLOR`,
十二、第三轮补充扫描发现（全项目逐文件扫描）,12.3 WaterfallPiano store/state/midi/components,`src/views/WaterfallPiano/components/WaterfallSettingsContent.vue` L392,`?? '#000000'`,"`""#000000""`",aura 背景色默认值,同上,抽 `AURA_DEFAULT_BG_COLOR`,
十二、第三轮补充扫描发现（全项目逐文件扫描）,12.3 WaterfallPiano store/state/midi/components,`src/views/WaterfallPiano/components/WaterfallSettingsContent.vue` L423,`?? 128`,`128`,simResolution 默认值,魔法数字,抽 `DEFAULT_SIM_RESOLUTION`,
十二、第三轮补充扫描发现（全项目逐文件扫描）,12.3 WaterfallPiano store/state/midi/components,`src/views/WaterfallPiano/components/WaterfallSettingsContent.vue` L459,`?? 0.0001`,`0.0001`,splatRadius 默认值,与 store 重复,共享常量,
十二、第三轮补充扫描发现（全项目逐文件扫描）,12.3 WaterfallPiano store/state/midi/components,"`src/views/WaterfallPiano/components/WaterfallSettingsContent.vue` L485, L498",`?? 0.2` (2 处),`0.2`,trailLength/flowPersistence 默认值,魔法数字,抽常量,
十二、第三轮补充扫描发现（全项目逐文件扫描）,12.3 WaterfallPiano store/state/midi/components,`src/views/WaterfallPiano/components/WaterfallSettingsContent.vue` L560-632,`?? 0.5` (12 处),`0.5`,各 perturbation jitter 默认值,大量重复,抽 `DEFAULT_JITTER`,
十二、第三轮补充扫描发现（全项目逐文件扫描）,12.3 WaterfallPiano store/state/midi/components,`src/views/WaterfallPiano/components/WaterfallSettingsContent.vue` L560-631,"`:min=""0"" :max=""1"" :step=""0.05""` (12 处)",`0`、`1`、`0.05`,jitter 范围重复 12 次,重复定义,抽 `JITTER_MIN/MAX/STEP`,
十二、第三轮补充扫描发现（全项目逐文件扫描）,12.3 WaterfallPiano store/state/midi/components,`src/views/WaterfallPiano/components/WaterfallSettingsContent.vue` L726-728,"`:min=""0"" :max=""3"" :step=""0.25""`",`0`、`3`、`0.25`,playbackSpeed 范围,与 MidiDrawer `0.25~2 step 0.05` 不一致,统一 `PLAYBACK_SPEED_MIN/MAX/STEP`,
十二、第三轮补充扫描发现（全项目逐文件扫描）,12.3 WaterfallPiano store/state/midi/components,`src/views/WaterfallPiano/components/WaterfallSettingsContent.vue` L779-795,"`""gentle""`/`""Gentle""`/`""Standard""`/`""Turbulent""`/`""88""`/`""61""`/`""49""`/`""custom""`/`""Custom""` 等",选项 value 和 label,fluidStyle/键盘范围/keyLabel 选项,标签未 i18n,接入 i18n,
十二、第三轮补充扫描发现（全项目逐文件扫描）,12.3 WaterfallPiano store/state/midi/components,"`src/views/WaterfallPiano/components/MidiDrawer.vue` L23, L88, L97, L105, L113","`data-tip=""关闭""`/`""播放""`/`""暂停""`/`""停止""`/`""录制""`",5 个中文 tooltip,按钮提示,中文硬编码未 i18n,使用 `t()`,
十二、第三轮补充扫描发现（全项目逐文件扫描）,12.3 WaterfallPiano store/state/midi/components,"`src/views/WaterfallPiano/components/MidiDrawer.vue` L125, L149, L162",`<span ...>速度</span>`/`循环`/`音轨`,3 个中文标签,滑块/选项标签,中文硬编码,使用 `t()`,
十二、第三轮补充扫描发现（全项目逐文件扫描）,12.3 WaterfallPiano store/state/midi/components,`src/views/WaterfallPiano/components/MidiDrawer.vue` L127,`playbackSpeed.toFixed(1)`,`1`,速度显示小数位,魔法数字,抽 `SPEED_DISPLAY_DECIMALS`,
十二、第三轮补充扫描发现（全项目逐文件扫描）,12.3 WaterfallPiano store/state/midi/components,`src/views/WaterfallPiano/components/MidiDrawer.vue` L132-134,"`min=""0.25"" max=""2"" step=""0.05""`",`0.25`、`2`、`0.05`,速度滑块范围,与 SettingsContent 不一致,统一共享常量,
十二、第三轮补充扫描发现（全项目逐文件扫描）,12.3 WaterfallPiano store/state/midi/components,`src/views/WaterfallPiano/components/MidiDrawer.vue` L177,`` `Track ${track.index + 1}` ``,"`""Track ""`",缺省轨道名,与 MidiFilePlayer L69 重复,共享常量,
十二、第三轮补充扫描发现（全项目逐文件扫描）,12.3 WaterfallPiano store/state/midi/components,`src/views/WaterfallPiano/components/MidiDrawer.vue` L179,`({{ track.noteCount }} notes)`,"`""notes""`",音符数单位,未 i18n,使用 `t()`,
十二、第三轮补充扫描发现（全项目逐文件扫描）,12.3 WaterfallPiano store/state/midi/components,`src/views/WaterfallPiano/components/MidiDrawer.vue` L257,"`if (e.key !== ""Escape"") return`","`""Escape""`",ESC 键判断,字符串硬编码,抽 `KEY_ESCAPE`,
十二、第三轮补充扫描发现（全项目逐文件扫描）,12.3 WaterfallPiano store/state/midi/components,`src/views/WaterfallPiano/components/MidiDrawer.vue` L288,`transition: transform 0.3s ease`,`0.3s`、`ease`,抽屉过渡,未用系统弹性曲线（违反 Apple HIG）,使用 spring 曲线,
十二、第三轮补充扫描发现（全项目逐文件扫描）,12.3 WaterfallPiano store/state/midi/components,`src/views/WaterfallPiano/components/MidiDrawer.vue` L68,"`accept="".mid,.midi""`","`"".mid,.midi""`",MIDI 文件类型过滤,字符串硬编码,抽 `MIDI_FILE_ACCEPT`,
十二、第三轮补充扫描发现（全项目逐文件扫描）,12.3 WaterfallPiano store/state/midi/components,`src/views/WaterfallPiano/composables/useVisibilityRefresh.ts` L40,"`""__TAURI_INTERNALS__"" in window`","`""__TAURI_INTERNALS__""`",Tauri 环境检测,全局对象键名硬编码,抽 `TAURI_INTERNALS_KEY`,
十二、第三轮补充扫描发现（全项目逐文件扫描）,12.3 WaterfallPiano store/state/midi/components,`src/views/WaterfallPiano/composables/useVisibilityRefresh.ts` L60,"`document.addEventListener(""visibilitychange"", ...)`","`""visibilitychange""`",DOM 事件名,字符串硬编码,抽 `VISIBILITY_CHANGE_EVENT`,
十二、第三轮补充扫描发现（全项目逐文件扫描）,12.4 ChordDictionary 全模块,`src/views/ChordDictionary/ChordDictionary.vue` L25,"`class=""fixed inset-0 bg-black/40 z-30 xl:hidden""`",`bg-black/40`、`z-30`,抽屉遮罩,颜色透明度、z-index 魔法值,抽主题变量,
十二、第三轮补充扫描发现（全项目逐文件扫描）,12.4 ChordDictionary 全模块,`src/views/ChordDictionary/ChordDictionary.vue` L34,"`class=""fixed top-0 left-0 bottom-0 z-40 w-72 ...""`",`z-40`、`w-72`,抽屉宽度与层级,尺寸硬编码,抽抽屉配置常量,
十二、第三轮补充扫描发现（全项目逐文件扫描）,12.4 ChordDictionary 全模块,`src/views/ChordDictionary/ChordDictionary.vue` L63-66,"`:initial=""{ width: 0, opacity: 0 }"" :animate=""{ width: 240, opacity: 1 }""` / `:transition=""{ duration: 0.3, ease: [0.2, 0.8, 0.2, 1] }""`","`0`、`240`、`1`、`0.3`、`[0.2, 0.8, 0.2, 1]`",侧边栏动画,数值与曲线硬编码,抽为动画配置常量,
十二、第三轮补充扫描发现（全项目逐文件扫描）,12.4 ChordDictionary 全模块,`src/views/ChordDictionary/ChordDictionary.vue` L81,"`style=""grid-template-columns: minmax(180px, 240px) 3fr""`",`180px`、`240px`、`3fr`,网格布局尺寸,魔法像素值,抽布局常量,
十二、第三轮补充扫描发现（全项目逐文件扫描）,12.4 ChordDictionary 全模块,`src/views/ChordDictionary/ChordDictionary.vue` L144-148,"`midiChannel: 0, useSustain: true, detectOnRelease: false, namespace: ""chord-dictionary""`","`0`、`true`、`false`、`""chord-dictionary""`",useNotes 配置,MIDI 通道、命名空间硬编码,抽为常量或用户可配置,
十二、第三轮补充扫描发现（全项目逐文件扫描）,12.4 ChordDictionary 全模块,"`src/views/ChordDictionary/ChordDictionary.vue` L194, L199","`router.push({ path: ""/chord-dictionary"" })` / `` `/chord-dictionary/${name}` ``","`""/chord-dictionary""`",路由路径,字符串硬编码,使用命名路由,
十二、第三轮补充扫描发现（全项目逐文件扫描）,12.4 ChordDictionary 全模块,`src/views/ChordDictionary/ChordDictionary.vue` L247,"`window.matchMedia(""(min-width: 640px) and (max-width: 1279px)"")`",`640px`、`1279px`,平板端媒体查询,与 Tailwind 断点可能不同步,从共享常量导入,
十二、第三轮补充扫描发现（全项目逐文件扫描）,12.4 ChordDictionary 全模块,"`src/views/ChordDictionary/ChordDictionary.vue` L260, L269",`transition: opacity 0.25s ease` / `transform 0.25s ease`,`0.25s`,抽屉过渡时长,魔法时长,与设计 token 统一,
十二、第三轮补充扫描发现（全项目逐文件扫描）,12.4 ChordDictionary 全模块,"`src/views/ChordDictionary/ChordDictionaryToolbar.vue` L14, L30, L129, L142","`:size=""18""` / `size=""14""` / `:size=""16""` (多处)",`18`、`14`、`16`,图标尺寸,多处魔法数字,抽 `ICON_SIZE_*` 常量,
十二、第三轮补充扫描发现（全项目逐文件扫描）,12.4 ChordDictionary 全模块,"`src/views/ChordDictionary/ChordDictionaryToolbar.vue` L27, L35",`max-w-[80px]` / `min-w-[180px]`,`80px`、`180px`,元素宽度,任意像素值,抽常量,
十二、第三轮补充扫描发现（全项目逐文件扫描）,12.4 ChordDictionary 全模块,`src/views/ChordDictionary/ChordDictionaryToolbar.vue` L162,"`style=""grid-template-columns: repeat(auto-fit, minmax(2.5rem, 1fr))""`",`2.5rem`、`1fr`,Chroma 网格列宽,硬编码 rem,抽常量,
十二、第三轮补充扫描发现（全项目逐文件扫描）,12.4 ChordDictionary 全模块,`src/views/ChordDictionary/ChordDictionaryToolbar.vue` L286,`` `/chord-dictionary/${encodeURIComponent(chord)}` ``,`/chord-dictionary/`,路由路径,5 处重复,使用命名路由,
十二、第三轮补充扫描发现（全项目逐文件扫描）,12.4 ChordDictionary 全模块,`src/views/ChordDictionary/ChordDictionaryChordMenu.vue` L97-158,"`case ""ArrowDown"":` / `""ArrowUp""` / `""Home""` / `""End""` / `""Enter""` / `"" ""`",8 个键盘事件名,键盘导航,字符串硬编码,抽 `KEY_*` 常量映射,
十二、第三轮补充扫描发现（全项目逐文件扫描）,12.4 ChordDictionary 全模块,`src/views/ChordDictionary/ChordDictionaryModuleProvider.vue` L33,"`keySignature: () => getKeySignature(""C"")`","`""C""`",默认调号根音,硬编码,抽 `DEFAULT_KEY`,
十二、第三轮补充扫描发现（全项目逐文件扫描）,12.4 ChordDictionary 全模块,"`src/views/ChordDictionary/ChordDictionaryModuleProvider.vue` L88, `ChordDictionaryModuleProvider.ts` L14","`provide(""chordDictionaryModule"", ...)` / `inject<...>(""chordDictionaryModule"")`","`""chordDictionaryModule""`",provide/inject key,2 处必须一致,抽为 `InjectionKey`,
十二、第三轮补充扫描发现（全项目逐文件扫描）,12.4 ChordDictionary 全模块,`src/views/ChordDictionary/ChordMenuGroup.vue` L72-79,"`const colors = [""bg-base-300/90"", ""bg-base-300/70"", ""bg-base-300/50"", ""bg-base-300/30"", ""bg-base-300/10"", ""bg-base-300""]`",6 个颜色类及透明度 `90/70/50/30/10`,嵌套层级背景色,数组硬编码，超出 6 层无 fallback,抽为模块常量并提供循环 fallback,
十二、第三轮补充扫描发现（全项目逐文件扫描）,12.4 ChordDictionary 全模块,`src/views/ChordDictionary/utils.ts` L23-27,"`none: ""No Group"", quality: ""By Quality"", intervals: ""By Intervals""`",3 个分组标签,分组标签,未 i18n,使用 i18n key,
十二、第三轮补充扫描发现（全项目逐文件扫描）,12.4 ChordDictionary 全模块,`src/views/ChordDictionary/utils.ts` L29-47,"`SORT_GROUP_NAMES = [""Major"", ""Minor"", ""Dominant"", ""Minor/Major"", ""Suspended / No 3rd"", ...]`",17 个分组名字符串,排序分组名顺序,与函数返回值必须一致,抽为常量并加类型约束,
十二、第三轮补充扫描发现（全项目逐文件扫描）,12.4 ChordDictionary 全模块,`src/views/ChordDictionary/utils.ts` L110-188,"`containsInterval(chordType, ""3m"")` / `""3M""` / `""5P""` / `""5d""` / `""5A""` / `""7m""` / `""7M""`",7 个音程字符串,音程判断,音程字符串硬编码,抽为 `INTERVAL.*` 常量集,
十二、第三轮补充扫描发现（全项目逐文件扫描）,12.4 ChordDictionary 全模块,`src/views/ChordDictionary/utils.ts` L165-188,"`intervals.push(""Minor 3rd"")` / `""Major 3rd""` / `""Perfect 5th""` 等 10 个",10 个音程分组名,分组标签,与 `SORT_GROUP_NAMES` 重复,抽为共享常量,
十二、第三轮补充扫描发现（全项目逐文件扫描）,12.4 ChordDictionary 全模块,`src/views/ChordDictionary/ChordSearch/ChordSearch.vue` L37,"`class=""fixed z-[9999] card ... w-72""`",`9999`、`w-72`,下拉菜单层级与宽度,z-index 过大,使用统一 z-index 体系,
十二、第三轮补充扫描发现（全项目逐文件扫描）,12.4 ChordDictionary 全模块,`src/views/ChordDictionary/ChordSearch/ChordSearch.vue` L275-277,"`if (previousChords.value.length > 10) { ... slice(0, 10) }`",`10`,历史记录上限,魔法数字,抽 `MAX_HISTORY`,
十二、第三轮补充扫描发现（全项目逐文件扫描）,12.4 ChordDictionary 全模块,`src/views/ChordDictionary/ChordSearch/ChordSearchOption.vue` L10,"`v-if=""score && score > 0.2""`",`0.2`,模糊匹配阈值,魔法数字,抽 `FUZZY_THRESHOLD`,
十二、第三轮补充扫描发现（全项目逐文件扫描）,12.4 ChordDictionary 全模块,`src/views/ChordDictionary/ChordSearch/utils.ts` L18-29,"`.replace(/ /g, """").replace(/♭/gi, ""b"").replace(/♯/gi, ""#"")...`",多个替换映射,和弦文本清理,替换映射硬编码,抽为 `REPLACEMENT_MAP`,
十二、第三轮补充扫描发现（全项目逐文件扫描）,12.4 ChordDictionary 全模块,"`src/views/ChordDictionary/ChordSearch/utils.ts` L40, L44",`return 0.1 + (...) * 0.05` / `0.5 + (...) * 0.05`,`0.1`、`0.5`、`0.05`,匹配分数权重,魔法数字,抽为权重常量,
十二、第三轮补充扫描发现（全项目逐文件扫描）,12.4 ChordDictionary 全模块,"`src/views/ChordDictionary/ChordSearch/utils.ts` L100, L108","`Chord.getChord(c.aliases[0], ""C"", ""C"")` / `""C"" + bestAlias...`","`""C""`",默认根音,硬编码,抽 `DEFAULT_TONIC`,
十二、第三轮补充扫描发现（全项目逐文件扫描）,12.4 ChordDictionary 全模块,"`src/views/ChordDictionary/ChordSearch/utils.ts` L118, L213","`return results.slice(0, 12)`",`12`,搜索结果上限,魔法数字,抽 `MAX_SEARCH_RESULTS`,
十二、第三轮补充扫描发现（全项目逐文件扫描）,12.4 ChordDictionary 全模块,"`src/views/ChordDictionary/ChordSearch/utils.ts` L134, L136","`Chord.getChord(""maj"", tonic, root)` / `parts: [tonic, ""maj""]` / `score: 0`","`""maj""`、`0`",默认和弦类型与分数,硬编码,抽 `DEFAULT_CHORD_TYPE`,
十二、第三轮补充扫描发现（全项目逐文件扫描）,12.4 ChordDictionary 全模块,`src/views/ChordDictionary/ChordSearch/utils.ts` L171,`if (type.length >= 2)`,`2`,启用模糊匹配最小长度,魔法数字,抽 `MIN_TYPE_LENGTH_FOR_FUZZY`,
十二、第三轮补充扫描发现（全项目逐文件扫描）,12.4 ChordDictionary 全模块,"`src/views/ChordDictionary/Detail/ChordDetail.vue` L16, L35","`class=""text-[min(64px,6vw)] ...""` / `text-[min(24px,4vw)]`",`64px`、`6vw`、`24px`、`4vw`,字体尺寸,魔法值,抽字体尺寸常量,
十二、第三轮补充扫描发现（全项目逐文件扫描）,12.4 ChordDictionary 全模块,`src/views/ChordDictionary/Detail/ChordDetail.vue` L325-349,"`KEYBOARD_SETTINGS = { skin: ""classic"", from: ""C3"", to: ""B5"", label: ""chordNote"", ... }`","`""classic""`、`""C3""`、`""B5""`、`""chordNote""`、`1`、`true`、`0`、`0.4`、`4`、`0.6` 等",钢琴键盘默认配置,大量配置硬编码,抽为独立配置文件,
十二、第三轮补充扫描发现（全项目逐文件扫描）,12.4 ChordDictionary 全模块,`src/views/ChordDictionary/Detail/ChordOverview.vue` L98-171,`COMMON_CHORDS` 数组（6 分类 + 多和弦名 + 音程字符串）,大量和弦数据,常用和弦展示,完全硬编码未 i18n,抽为数据文件 + i18n,
十二、第三轮补充扫描发现（全项目逐文件扫描）,12.4 ChordDictionary 全模块,"`src/views/ChordDictionary/Detail/ChordOverview.vue` L178, L201, L207","`sessionStorage.getItem(""chord-dictionary-recent"")` (3 处)","`""chord-dictionary-recent""`",sessionStorage 键名,3 处重复,抽 `STORAGE_KEY`,
十二、第三轮补充扫描发现（全项目逐文件扫描）,12.4 ChordDictionary 全模块,"`src/views/ChordDictionary/Detail/ChordOverview.vue` L190, L209","`.slice(0, 10)` / `JSON.stringify(recent.slice(0, 20))`",`10`、`20`,最近和弦上限,魔法数字,抽 `MAX_RECENT_DISPLAY/STORAGE`,
十二、第三轮补充扫描发现（全项目逐文件扫描）,12.4 ChordDictionary 全模块,`src/views/ChordDictionary/Detail/utils.ts` L13,"`getChordInversion(chord?, inversion = 0, octave = 3)`",`0`、`3`,默认转位与八度,魔法数字,抽默认参数常量,
十二、第三轮补充扫描发现（全项目逐文件扫描）,12.4 ChordDictionary 全模块,`src/views/ChordDictionary/Detail/utils.ts` L27,`newMidi += 12`,`12`,八度半音数,魔法数字,抽 `OCTAVE_SEMITONES`,
十二、第三轮补充扫描发现（全项目逐文件扫描）,12.4 ChordDictionary 全模块,"`src/stores/chordDictionary.ts` L78, L82, L94, L140","`""long""`/`""short""`/`""symbol""`、`""detect""`/`""play""`、`""none""`/`""quality""`/`""intervals""`",多个字面量,设置类型字面量,多处重复,抽为类型 + 常量,
十二、第三轮补充扫描发现（全项目逐文件扫描）,12.4 ChordDictionary 全模块,`src/helpers/chords.ts` L9-23,`CHORD_NAME_REGEX`、`CHORD_TYPE_SPECIALCASE_TOKEN` 等 4 个正则,复杂正则字符串,和弦解析,硬编码正则,已为常量，可接受,
十二、第三轮补充扫描发现（全项目逐文件扫描）,12.4 ChordDictionary 全模块,`src/helpers/chords.ts` L25,"`const IN_KEY_SCALE_CHROMA = ""101011010101""`","`""101011010101""`",大调音阶 chroma,硬编码二进制串,加注释说明,
十二、第三轮补充扫描发现（全项目逐文件扫描）,12.4 ChordDictionary 全模块,`src/helpers/chords.ts` L137,`Note.chroma(keySignature.tonic) ?? 0`,`0`,默认 chroma,魔法数字,抽 `DEFAULT_CHROMA`,
十二、第三轮补充扫描发现（全项目逐文件扫描）,12.4 ChordDictionary 全模块,`src/composables/useChordDetection.ts` L31,`c.intervals.indexOf(rootInterval) + 1`,`1`,音程索引转度数偏移,魔法数字,可接受（音乐理论常量）,
十二、第三轮补充扫描发现（全项目逐文件扫描）,12.5 Settings 全部 .vue 组件与工具,`src/views/Settings/Layout/SettingsLayout.vue` L48,`is-drawer-close:w-14 is-drawer-open:w-64`,`w-14`、`w-64`,抽屉折叠/展开宽度,宽度硬编码,抽 `DRAWER_WIDTH_*`,
十二、第三轮补充扫描发现（全项目逐文件扫描）,12.5 Settings 全部 .vue 组件与工具,`src/views/Settings/Layout/SettingsLayout.vue` L105,`<button>close</button>`,"`""close""`",关闭按钮文本,未 i18n,使用 `t('common.close')`,
十二、第三轮补充扫描发现（全项目逐文件扫描）,12.5 Settings 全部 .vue 组件与工具,`src/views/Settings/Layout/SettingsLayout.vue` L134-141,`routeToSettingKey` 中 `/settings/general`、`/settings/cursor` 等,多个路由路径与 setting key,路由→设置项映射,与路由配置重复,从路由 meta 派生,
十二、第三轮补充扫描发现（全项目逐文件扫描）,12.5 Settings 全部 .vue 组件与工具,`src/views/Settings/Layout/SettingsLayout.vue` L200,"`themeStore.setTheme(""light"")`","`""light""`",重置时默认主题,硬编码,使用 `themeStore.defaultTheme`,
十二、第三轮补充扫描发现（全项目逐文件扫描）,12.5 Settings 全部 .vue 组件与工具,`src/views/Settings/Layout/SettingsLayout.vue` L219,"`window.matchMedia(""(min-width: 1024px)"")`",`1024`,lg 断点,与 Tailwind 重复,引用共享断点常量,
十二、第三轮补充扫描发现（全项目逐文件扫描）,12.5 Settings 全部 .vue 组件与工具,`src/views/Settings/GeneralSettings/GeneralSettings.vue` L45-47,"`{ label: ""English"", value: ""en"" }, { label: ""简体中文"", value: ""zh"" }`","`""English""`、`""en""`、`""简体中文""`、`""zh""`",语言选项,标签硬编码,抽到 constants 或 i18n locale 配置,
十二、第三轮补充扫描发现（全项目逐文件扫描）,12.5 Settings 全部 .vue 组件与工具,`src/views/Settings/NotationSettings/NotationSettings.vue` L28,"`:disabled=""settingsStore.settings.notation.key !== 'C'""`","`""C""`",仅 C 调可选 accidentals,硬编码音调,由音乐理论常量定义,
十二、第三轮补充扫描发现（全项目逐文件扫描）,12.5 Settings 全部 .vue 组件与工具,`src/views/Settings/NotationSettings/NotationSettings.vue` L45-47,"`:min=""-24"" :max=""24"" :step=""1""`",`-24`、`24`、`1`,staffTranspose 范围,魔法数字,抽 `NOTATION_TRANSPOSE_RANGE`,
十二、第三轮补充扫描发现（全项目逐文件扫描）,12.5 Settings 全部 .vue 组件与工具,`src/views/Settings/NotationSettings/NotationSettings.vue` L124-131,"`value: ""sharp""`/`""flat""`/`""both""`/`""bass""`/`""treble""`",5 个字面量,accidentals/staffClef 选项,字符串字面量,抽枚举常量,
十二、第三轮补充扫描发现（全项目逐文件扫描）,12.5 Settings 全部 .vue 组件与工具,"`src/views/Settings/ChordDictionarySettings/ChordDictionarySettings.vue` L63, L121",`` `/chord-dictionary/${encodeURIComponent(`C${disabledChord}`)}` ``,"`""C""`",路由前缀音符,硬编码,使用当前调或常量,
十二、第三轮补充扫描发现（全项目逐文件扫描）,12.5 Settings 全部 .vue 组件与工具,`src/views/Settings/ChordDictionarySettings/ChordDictionarySettings.vue` L162-187,"`value: ""detect""`/`""play""`/`""none""`/`""quality""`/`""intervals""`/`""long""`/`""short""`/`""symbol""`",多个字面量,interactive/groupBy/defaultNotation 选项,字符串字面量,抽枚举,
十二、第三轮补充扫描发现（全项目逐文件扫描）,12.5 Settings 全部 .vue 组件与工具,`src/views/Settings/AdvancedDebug/AdvancedDebug.vue` L59-533,"大量 `:min=""X"" :max=""Y"" :step=""Z""` (40+ 处)",各种范围值,各设置项范围,大量魔法数字重复,抽共享范围常量集,
十二、第三轮补充扫描发现（全项目逐文件扫描）,12.5 Settings 全部 .vue 组件与工具,`src/views/Settings/AdvancedDebug/AdvancedDebug.vue` L626-642,"`simResolution ?? 128, splatRadius ?? 0.005, ...` 等多个默认值",`128`、`0.005`、`0`、`0.5`、`true`、`0.8` 等,fluidParams 默认值,与常量文件可能不同步,复用 `defaultWaterfallSettings`,
十二、第三轮补充扫描发现（全项目逐文件扫描）,12.5 Settings 全部 .vue 组件与工具,`src/views/Settings/AdvancedDebug/AdvancedDebug.vue` L661,"`colors[index] = color ?? ""#000000""`","`""#000000""`",颜色 fallback,硬编码,抽 `DEFAULT_COLOR`,
十二、第三轮补充扫描发现（全项目逐文件扫描）,12.5 Settings 全部 .vue 组件与工具,`src/views/Settings/AdvancedDebug/AdvancedDebug.vue` L666-691,"`value: ""up""`/`""down""`/`""triangle""`/`""sine""`/`""square""`/`""sawtooth""`",6 个字面量,flowDirection/oscillatorType 选项,字符串字面量,抽 `OSCILLATOR_TYPES` 常量,
十二、第三轮补充扫描发现（全项目逐文件扫描）,12.5 Settings 全部 .vue 组件与工具,`src/views/Settings/Debugger/Debugger.vue` L38,`t(...) \,\,"""Auto Scroll""`","`""Auto Scroll""`",i18n fallback,
十二、第三轮补充扫描发现（全项目逐文件扫描）,12.5 Settings 全部 .vue 组件与工具,`src/views/Settings/Debugger/Debugger.vue` L78-80,"`displayTimingClock = ref(false)` / `autoScroll = ref(true)` / `activeFilter = ref<...>(""all"")`","`false`、`true`、`""all""`",默认值,硬编码默认,抽默认配置,
十二、第三轮补充扫描发现（全项目逐文件扫描）,12.5 Settings 全部 .vue 组件与工具,`src/views/Settings/Debugger/Debugger.vue` L83-89,"`filters` 数组中 `""All""`/`""Info""`/`""Warn""`/`""Error""`/`""Success""` 及对应 value",5 个标签和 value,过滤按钮,标签未 i18n,使用 `t()`,
十二、第三轮补充扫描发现（全项目逐文件扫描）,12.5 Settings 全部 .vue 组件与工具,`src/views/Settings/Debugger/Debugger.vue` L122,`const cmd = m[0] & 0xf0`,`0xf0`,MIDI 命令掩码,魔法数字,复用 `MIDI_CMD_MASK`,
十二、第三轮补充扫描发现（全项目逐文件扫描）,12.5 Settings 全部 .vue 组件与工具,`src/views/Settings/Debugger/Debugger.vue` L94-118,"`case ""info"": return ""text-info""` 等",多个 CSS 类名,日志类型 CSS 类,类名硬编码,抽映射常量,
十二、第三轮补充扫描发现（全项目逐文件扫描）,12.5 Settings 全部 .vue 组件与工具,`src/views/Settings/Debugger/debugger-logger.ts` L28,`private maxLogs = 1000`,`1000`,最大日志数量,魔法数字,抽 `MAX_LOGS` 并配置化,
十二、第三轮补充扫描发现（全项目逐文件扫描）,12.5 Settings 全部 .vue 组件与工具,`src/views/Settings/Debugger/utils.ts` L5-46,`m[0] & 0xf0`、`0x0f`、`0xb0`、`0xc0`、`0xd0`、`0xe0`、`0xf0`、`0xf2`、`7`,多个 MIDI 协议十六进制值,MIDI 命令解析,魔法数字,复用 `MIDI_CMD.*` 常量,
十二、第三轮补充扫描发现（全项目逐文件扫描）,12.5 Settings 全部 .vue 组件与工具,`src/views/Settings/Debugger/utils.ts` L32,"`""... ${MIDI_CMD[cmd] ?? ""Unknown""} ..."" 模板中双空格`","`""Unknown""`、`""  - ""`",格式化字符串,双空格疑似 bug；Unknown 未 i18n,修复并 i18n,
十二、第三轮补充扫描发现（全项目逐文件扫描）,12.5 Settings 全部 .vue 组件与工具,"`src/views/Settings/Routing/Routing.vue` L104, L129",`min-w-[120px]` / `min-w-[150px]`,`120px`、`150px`,列最小宽,魔法数字,抽常量,
十二、第三轮补充扫描发现（全项目逐文件扫描）,12.5 Settings 全部 .vue 组件与工具,"`src/views/Settings/Routing/Routing.vue` L224, L236","`value=""input""` / `value=""output""`","`""input""`、`""output""`",虚拟端口类型,字符串字面量,抽 `PORT_TYPE` 枚举,
十二、第三轮补充扫描发现（全项目逐文件扫描）,12.5 Settings 全部 .vue 组件与工具,`src/views/Settings/Routing/Routing.vue` L301,"`virtualPortType = ref<...>(""output"")`","`""output""`",默认端口类型,硬编码,抽默认配置,
十二、第三轮补充扫描发现（全项目逐文件扫描）,12.5 Settings 全部 .vue 组件与工具,`src/views/Settings/Routing/Routing.vue` L328-329,"`type: ""physical"", enabled: true`","`""physical""`、`true`",默认路由,硬编码,抽默认 route,
十二、第三轮补充扫描发现（全项目逐文件扫描）,12.5 Settings 全部 .vue 组件与工具,"`src/views/Settings/Routing/Routing.vue` L388, L397",`routingStore.startPolling(3000)` (2 处),`3000`,轮询间隔 ms,魔法数字重复,抽 `POLLING_INTERVAL`,
十二、第三轮补充扫描发现（全项目逐文件扫描）,12.5 Settings 全部 .vue 组件与工具,`src/views/Settings/Routing/Wire.vue` L6,"`:stroke-width=""20""`",`20`,透明热区宽度,魔法数字,抽 `WIRE_HOTZONE_WIDTH`,
十二、第三轮补充扫描发现（全项目逐文件扫描）,12.5 Settings 全部 .vue 组件与工具,`src/views/Settings/Routing/Wire.vue` L23-57,"`r=""12""`/`14`、`fill=""#ffffff""`、`font-size=""12""`/`14`、`""✕""` 等",多个 SVG 样式值,删除按钮样式,多魔法数字,抽 SVG 样式常量,
十二、第三轮补充扫描发现（全项目逐文件扫描）,12.5 Settings 全部 .vue 组件与工具,`src/views/Settings/Routing/Wire.vue` L83,`return style?.strokeWidth ?? 2.5`,`2.5`,默认 stroke 宽度,魔法数字,抽 `DEFAULT_STROKE_WIDTH`,
十二、第三轮补充扫描发现（全项目逐文件扫描）,12.5 Settings 全部 .vue 组件与工具,`src/views/Settings/Routing/Wire.vue` L91,`filter: drop-shadow(0 0 6px color-mix(...))`,`0 0 6px`、`60%`,hover 阴影,魔法数字,抽常量,
十二、第三轮补充扫描发现（全项目逐文件扫描）,12.5 Settings 全部 .vue 组件与工具,`src/views/Settings/Routing/MidiFlowGraph.vue` L6-11,"`:connection-radius=""40""` / `:min-zoom=""0.3""` / `:max-zoom=""2""` / `:fit-view-on-init=""true""` / `:default-edge-options=""{ type: 'wire' }""` / `:connect-on-click=""false""`","`40`、`0.3`、`2`、`true`、`""wire""`、`false`",流图配置,多魔法值,抽常量,
十二、第三轮补充扫描发现（全项目逐文件扫描）,12.5 Settings 全部 .vue 组件与工具,`src/views/Settings/Routing/MidiFlowGraph.vue` L35-36,"`:gap=""20""` / `pattern color-mix(... 6%, ...)`",`20`、`6%`,背景网格,魔法数字,抽常量,
十二、第三轮补充扫描发现（全项目逐文件扫描）,12.5 Settings 全部 .vue 组件与工具,`src/views/Settings/Routing/MidiFlowGraph.vue` L42,"`title=""Auto Layout""`","`""Auto Layout""`",控件标题,未 i18n,使用 `t()`,
十二、第三轮补充扫描发现（全项目逐文件扫描）,12.5 Settings 全部 .vue 组件与工具,"`src/views/Settings/Routing/MidiFlowGraph.vue` L123, L230, L232","`fitView({ padding: 0.2, duration: 300 })` / `setViewport(..., { duration: 300 })`",`0.2`、`300`,动画参数,魔法数字,抽 `FIT_VIEW_OPTS`/`ANIM_DURATION`,
十二、第三轮补充扫描发现（全项目逐文件扫描）,12.5 Settings 全部 .vue 组件与工具,`src/views/Settings/Routing/MidiFlowGraph.vue` L135-165,"`""output-internal""`、`""internal""`、`""output-""`、`""physical""`、`""edge-""`、`""wire""`、`2.5`、`50%`",多个字符串和数值,节点/边处理,大量字面量,抽常量集,
十二、第三轮补充扫描发现（全项目逐文件扫描）,12.5 Settings 全部 .vue 组件与工具,`src/views/Settings/Routing/useLayout.ts` L4-21,"`NODE_WIDTH=200, NODE_HEIGHT=64, nodesep=50, ranksep=250, edgesep=30, marginx=40, marginy=40`",7 个布局数值,dagre 布局配置,魔法数字,抽 `LAYOUT_*` 常量,
十二、第三轮补充扫描发现（全项目逐文件扫描）,12.5 Settings 全部 .vue 组件与工具,`src/views/Settings/Routing/useLayout.ts` L28,"`node.id.startsWith(""input-"")`","`""input-""`",输入节点前缀,字符串字面量,抽 `NODE_ID_PREFIX`,
十二、第三轮补充扫描发现（全项目逐文件扫描）,12.5 Settings 全部 .vue 组件与工具,`src/views/Settings/Routing/useLayout.ts` L32,`rank: isInput ? 1 : 0`,`1`、`0`,输入/输出 rank,魔法数字,抽 `RANK_INPUT/OUTPUT`,
十二、第三轮补充扫描发现（全项目逐文件扫描）,12.5 Settings 全部 .vue 组件与工具,`src/views/Settings/Routing/useHelperLines.ts` L4,`const SNAP_THRESHOLD = 5`,`5`,对齐阈值 px,已抽常量,配置化或注释,
十二、第三轮补充扫描发现（全项目逐文件扫描）,12.5 Settings 全部 .vue 组件与工具,`src/views/Settings/Routing/OutputNode.vue` L23,"`props.data.type === ""internal""`","`""internal""`",内部类型判断,字符串字面量,抽 `ROUTE_TYPE.INTERNAL`,
十二、第三轮补充扫描发现（全项目逐文件扫描）,12.5 Settings 全部 .vue 组件与工具,`src/views/Settings/ChordDisplaySettings/ChordDisplayAddModal.vue` L4,"`class=""fixed inset-0 z-50 ... bg-black/50""`",`z-50`、`bg-black/50`,遮罩层,魔法数字,抽 `MODAL_Z_INDEX`/`OVERLAY_COLOR`,
十二、第三轮补充扫描发现（全项目逐文件扫描）,12.5 Settings 全部 .vue 组件与工具,"`src/views/Settings/ChordDisplaySettings/ChordDisplayList.vue` L7, L10, L13",`` `/settings/chords/${moduleId}` `` (3 处),`/settings/chords/`,路由前缀,字符串重复,抽 `ROUTE_PATH`,
十二、第三轮补充扫描发现（全项目逐文件扫描）,12.5 Settings 全部 .vue 组件与工具,`src/views/Settings/ChordDisplaySettings/utils.ts` L7,"`super(""One or more fields contains errors"")`",错误消息,错误提示,未 i18n,使用 i18n,
十二、第三轮补充扫描发现（全项目逐文件扫描）,12.5 Settings 全部 .vue 组件与工具,`src/views/Settings/ChordDisplaySettings/utils.ts` L15-51,"`value: ""long""`/`""classic""`/`""flat""`/`""none""`/`""octave""` 等 + 英文 label",多个选项,chordNotation/keyboardSkin/keyName/keyInfo/label 选项,标签未 i18n,使用 i18n + 枚举,
十二、第三轮补充扫描发现（全项目逐文件扫描）,12.5 Settings 全部 .vue 组件与工具,`src/views/Settings/ChordDisplaySettings/utils.ts` L58-59,"`.replace(/[^a-zA-Z0-9-_]/g, ""-"")` / `.replace(/-+/g, ""-"")`",2 个正则,名称规范化,硬编码,抽常量并注释,
十二、第三轮补充扫描发现（全项目逐文件扫描）,12.5 Settings 全部 .vue 组件与工具,"`src/views/Settings/ChordDisplaySettings/utils.ts` L71, L75","`throw new FieldError({ name: ""Cannot be empty"" })` / `""Already exists""`",2 个错误消息,验证错误,未 i18n,使用 i18n,
十二、第三轮补充扫描发现（全项目逐文件扫描）,12.6 PianoKeyboard 全部子组件,`src/components/PianoKeyboard/PianoKeyboard.vue`,"`skin: ""classic""`","`""classic""`",键盘皮肤默认值,与 types 耦合,抽 `DEFAULT_KEYBOARD_SKIN`,
十二、第三轮补充扫描发现（全项目逐文件扫描）,12.6 PianoKeyboard 全部子组件,`src/components/PianoKeyboard/PianoKeyboard.vue`,"`from: ""C3"", to: ""B5""`","`""C3""`、`""B5""`",默认键盘音域,5 个八度硬编码,抽 `DEFAULT_KEY_FROM/TO`,
十二、第三轮补充扫描发现（全项目逐文件扫描）,12.6 PianoKeyboard 全部子组件,`src/components/PianoKeyboard/PianoKeyboard.vue`,"`label: ""none"", keyName: ""none"", keyInfo: ""none""`","`""none""` (×3)",默认标签/键名/信息模式,魔法字符串散落,使用枚举 `LabelMode.NONE`,
十二、第三轮补充扫描发现（全项目逐文件扫描）,12.6 PianoKeyboard 全部子组件,`src/components/PianoKeyboard/PianoKeyboard.vue`,`textOpacity: 0.5`,`0.5`,默认文字不透明度,与 CSS `--pk-text_opacity: 0.5` 重复,统一为单一常量源,
十二、第三轮补充扫描发现（全项目逐文件扫描）,12.6 PianoKeyboard 全部子组件,`src/components/PianoKeyboard/PianoKeyboard.vue`,"`radius: 1, height: 5, ratio: 0.6, bevel: true`",`1`、`5`、`0.6`、`true`,默认键盘尺寸参数,魔法数字,抽 `DEFAULT_SIZES` 常量对象,
十二、第三轮补充扫描发现（全项目逐文件扫描）,12.6 PianoKeyboard 全部子组件,`src/components/PianoKeyboard/PianoKeyboard.vue`,"`white: ""#ffffff"", black: ""#000000"", played: ""#ff0000"", wrapped: ""#800000"", sustained: ""#777777""`",5 个 hex 颜色,默认颜色配置,颜色值在默认值和 fallback 中重复 3+ 次,抽 `DEFAULT_COLORS` 常量,
十二、第三轮补充扫描发现（全项目逐文件扫描）,12.6 PianoKeyboard 全部子组件,`src/components/PianoKeyboard/PianoKeyboard.vue`,"`getKeySignature(""C"")`","`""C""`",默认调号,与 useNoteConfig 重复,统一 `DEFAULT_KEY`,
十二、第三轮补充扫描发现（全项目逐文件扫描）,12.6 PianoKeyboard 全部子组件,`src/components/PianoKeyboard/PianoKeyboard.vue`,"`className: ""exactTarget""`/`""played""`/`""sustained""` + `wrapClassName: ""wrapExactTarget""`/`""wrapPlayed""`/`""wrapSustained""`",6 个 CSS 类名,高亮策略类名,与 CSS/FADE_CLASSES 必须一致,统一到 FADE_CLASSES,
十二、第三轮补充扫描发现（全项目逐文件扫描）,12.6 PianoKeyboard 全部子组件,`src/components/PianoKeyboard/PianoKeyboard.vue`,"`props.keyboard.colors.white ?? ""#ffffff""` (×2) 等 fallback",5 个颜色 fallback (重复 2-3 次),getContrastColor fallback,与默认值重复,引用 `DEFAULT_COLORS`,
十二、第三轮补充扫描发现（全项目逐文件扫描）,12.6 PianoKeyboard 全部子组件,`src/components/PianoKeyboard/PianoKeyboard.vue`,`Note.simplify(props.keyboard.from) \,\,"""C3""` (×2)","`""C3""` (fallback)",buildClassicKeys/buildFlatKeys,
十二、第三轮补充扫描发现（全项目逐文件扫描）,12.6 PianoKeyboard 全部子组件,`src/components/PianoKeyboard/PianoKeyboard.vue`,"SVG 中 `stop-color=""#000000""` / `""#ffffff""` / `stop-opacity=""0.2""`/`0.1`/`0.5`",多个颜色和透明度,SVG 渐变参数,散布在模板中,抽渐变配置常量,
十二、第三轮补充扫描发现（全项目逐文件扫描）,12.6 PianoKeyboard 全部子组件,`src/components/PianoKeyboard/PianoKeyboard.vue`,"`id=""whiteKey""` / `id=""blackKey""` / `id=""boardMask""`",3 个 SVG ID,渐变/蒙版 ID,多实例共存时 ID 冲突,改用作用域 ID,
十二、第三轮补充扫描发现（全项目逐文件扫描）,12.6 PianoKeyboard 全部子组件,`src/components/PianoKeyboard/PianoKeyboard.vue`,`((... WHITE_HEIGHT - WHITE_BEVEL - 2) / ...)` / `((... BLACK_HEIGHT - BLACK_BEVEL + 4) / ...)`,`2`、`4`,渐变斜面偏移,魔法数字,抽 `BEVEL_GRADIENT_OFFSET`,
十二、第三轮补充扫描发现（全项目逐文件扫描）,12.6 PianoKeyboard 全部子组件,`src/components/PianoKeyboard/utils.ts`,"`FADE_CLASSES = [""played"",""sustained"",""wrapPlayed"",""wrapSustained"",""exactTarget"",""wrapExactTarget""]`",6 个类名字符串,淡出/高亮类名集合,与策略中 className 散落不同文件,统一为单一常量源,
十二、第三轮补充扫描发现（全项目逐文件扫描）,12.6 PianoKeyboard 全部子组件,`src/components/PianoKeyboard/utils.ts`,`Note.midi(Note.simplify(to)) ?? 127`,`127`,MIDI 最大值 fallback,MIDI 规范常量,抽 `MIDI_MAX = 127`,
十二、第三轮补充扫描发现（全项目逐文件扫描）,12.6 PianoKeyboard 全部子组件,`src/components/PianoKeyboard/utils.ts`,`const diff = 12 - ((start - midi) % 12)` (×2),`12`,八度折回计算,半音数常量,抽 `SEMITONES_PER_OCTAVE = 12`,
十二、第三轮补充扫描发现（全项目逐文件扫描）,12.6 PianoKeyboard 全部子组件,`src/components/PianoKeyboard/utils.ts`,"`className = ""active""` (×2) / `""wrapped""`","`""active""`、`""wrapped""`",默认类名,可能死代码,确认是否还需要,
十二、第三轮补充扫描发现（全项目逐文件扫描）,12.6 PianoKeyboard 全部子组件,`src/components/PianoKeyboard/utils.ts`,"`interval === ""1P""`","`""1P""`",根音音程判断,tonaljs 约定,抽 `ROOT_INTERVAL`,
十二、第三轮补充扫描发现（全项目逐文件扫描）,12.6 PianoKeyboard 全部子组件,`src/components/PianoKeyboard/utils.ts`,"`.classList.add(""tonic"")` / `""info""` / `""labelled""` / `""target""`",4 个 CSS 类名,和弦信息类名,与 CSS 选择器耦合,统一常量,
十二、第三轮补充扫描发现（全项目逐文件扫描）,12.6 PianoKeyboard 全部子组件,`src/components/PianoKeyboard/utils.ts`,"`.querySelector("".pianoInfo"")` (×2)","`"".pianoInfo""`",查找音程文字元素,与模板 class 耦合,统一常量,
十二、第三轮补充扫描发现（全项目逐文件扫描）,12.6 PianoKeyboard 全部子组件,`src/components/PianoKeyboard/classic/constants.ts`,`Math.round((12 * BASE_SIZE) / 7)`,`12`、`7`,白键宽度计算,数学常量,抽 `SEMITONES=12`/`WHITE_KEYS_PER_OCTAVE=7`,
十二、第三轮补充扫描发现（全项目逐文件扫描）,12.6 PianoKeyboard 全部子组件,`src/components/PianoKeyboard/classic/constants.ts`,`BASE_SIZE * 0.5` / `0.75`,`0.5`、`0.75`,白/黑键斜面比例,魔法浮点,抽 `WHITE_BEVEL_RATIO`/`BLACK_BEVEL_RATIO`,
十二、第三轮补充扫描发现（全项目逐文件扫描）,12.6 PianoKeyboard 全部子组件,`src/components/PianoKeyboard/classic/constants.ts`,"`Math.min(..., 32)` (×2)",`32`,信息偏移最大值,魔法数字,抽 `MAX_INFO_OFFSET`,
十二、第三轮补充扫描发现（全项目逐文件扫描）,12.6 PianoKeyboard 全部子组件,`src/components/PianoKeyboard/classic/constants.ts`,`getChromaNoteOffset` chroma→offset 映射,10 组映射,黑键微调偏移,数据量大,抽 `CHROMA_OFFSET_MAP` 并注释,
十二、第三轮补充扫描发现（全项目逐文件扫描）,12.6 PianoKeyboard 全部子组件,`src/components/PianoKeyboard/flat/constants.ts`,"`BASE_SIZE = 24, LABEL_SIZE = 20, INFO_SIZE = 12`",`24`、`20`、`12`,与 classic 重复,重复定义,提取到共享文件,
十二、第三轮补充扫描发现（全项目逐文件扫描）,12.6 PianoKeyboard 全部子组件,`src/components/PianoKeyboard/classic/classic.css`,"`opacity: var(--pk-text_opacity, 0.5)` (×4)",`0.5`,CSS fallback,与 JS 默认值重复,统一为 CSS 变量单一声明,
十二、第三轮补充扫描发现（全项目逐文件扫描）,12.6 PianoKeyboard 全部子组件,`src/components/PianoKeyboard/classic/classic.css`,`transition: fill ease 0s` (×2),`0s`,播放态瞬变,冗余写法,改为 `transition: none`,
十二、第三轮补充扫描发现（全项目逐文件扫描）,12.6 PianoKeyboard 全部子组件,`src/components/PianoKeyboard/flat/flat.css`,`--pk-pianoInfo-fontSize: 10px` / `--pk-pianoKeyName-fontSize: 12px` / `--pk-pianoLabel-fontSize: 12px`,`10px`、`12px` (×2),字体大小,硬编码 px，不响应动态类型,改用 `rem`,
十二、第三轮补充扫描发现（全项目逐文件扫描）,12.6 PianoKeyboard 全部子组件,`src/components/PianoKeyboard/flat/flat.css`,`--pk-pianoLabel-transform: translateY(18px)`,`18px`,标签出现前偏移,魔法数字,抽 CSS 变量,
十二、第三轮补充扫描发现（全项目逐文件扫描）,12.6 PianoKeyboard 全部子组件,`src/components/PianoKeyboard/flat/flat.css`,`--pk-text_opacity: 0.5`,`0.5`,全局文字不透明度,与 JS 重复,统一来源,
十二、第三轮补充扫描发现（全项目逐文件扫描）,12.7 engine/fluid 全部 Pass 与 Shader,`src/engine/fluid/FluidSimulation.ts`,`this.config.DYE_RESOLUTION = 512`,`512`,无线性过滤时降级分辨率,与 DEFAULT_CONFIG 中 1024 不一致,抽 `FALLBACK_DYE_RESOLUTION`,
十二、第三轮补充扫描发现（全项目逐文件扫描）,12.7 engine/fluid 全部 Pass 与 Shader,`src/engine/fluid/FluidSimulation.ts`,"`dt = Math.min(dt, 0.016666)`",`0.016666`,最大时间步长,精度不足 (1/60=0.016667),改为 `1/60` 或 `MAX_DT`,
十二、第三轮补充扫描发现（全项目逐文件扫描）,12.7 engine/fluid 全部 Pass 与 Shader,`src/engine/fluid/FluidSimulation.ts`,"`new Uint8Array([255, 255, 255])`","`255, 255, 255`",白色占位纹理,与 FramebufferManager 重复,抽 `WHITE_PIXEL`,
十二、第三轮补充扫描发现（全项目逐文件扫描）,12.7 engine/fluid 全部 Pass 与 Shader,`src/engine/fluid/FluidSimulation.ts`,"`width: 1, height: 1`",`1`、`1`,1×1 占位纹理,重复,统一,
十二、第三轮补充扫描发现（全项目逐文件扫描）,12.7 engine/fluid 全部 Pass 与 Shader,`src/engine/fluid/FluidSimulation.ts`,"`this.sunraysPass.blur(sunrays, sunraysTemp, 1)`",`1`,sunrays 模糊迭代次数,魔法数字,抽 `SUNRAYS_BLUR_ITERATIONS`,
十二、第三轮补充扫描发现（全项目逐文件扫描）,12.7 engine/fluid 全部 Pass 与 Shader,`src/engine/fluid/GLUtils.ts`,"`new Float32Array([-1, -1, -1, 1, 1, 1, 1, -1])`",8 个顶点坐标,全屏 quad VBO,几何数据,可接受，建议注释,
十二、第三轮补充扫描发现（全项目逐文件扫描）,12.7 engine/fluid 全部 Pass 与 Shader,`src/engine/fluid/GLUtils.ts`,"`new Uint16Array([0, 1, 2, 0, 2, 3])`",6 个索引,全屏 quad EBO,同上,同上,
十二、第三轮补充扫描发现（全项目逐文件扫描）,12.7 engine/fluid 全部 Pass 与 Shader,`src/engine/fluid/GLUtils.ts`,"`gl.clearColor(0.0, 0.0, 0.0, 1.0)`","`0.0, 0.0, 0.0, 1.0`",清屏为不透明黑,与 GLContext 重复,抽 `CLEAR_COLOR_OPAQUE_BLACK`,
十二、第三轮补充扫描发现（全项目逐文件扫描）,12.7 engine/fluid 全部 Pass 与 Shader,`src/engine/fluid/GLContext.ts`,"`canvas.getContext(""webgl2"", params)` / `""webgl""` / `""experimental-webgl""`",3 个上下文名,WebGL 回退,规范名,可接受,
十二、第三轮补充扫描发现（全项目逐文件扫描）,12.7 engine/fluid 全部 Pass 与 Shader,`src/engine/fluid/GLContext.ts`,"`gl.clearColor(0.0, 0.0, 0.0, 1.0)`","`0.0, 0.0, 0.0, 1.0`",初始清屏色,与 GLUtils 重复,统一,
十二、第三轮补充扫描发现（全项目逐文件扫描）,12.7 engine/fluid 全部 Pass 与 Shader,`src/engine/fluid/GLContext.ts`,"`""EXT_color_buffer_float""` / `""OES_texture_float_linear""` 等 4 个",4 个扩展名,扩展检测,规范名,可接受,
十二、第三轮补充扫描发现（全项目逐文件扫描）,12.7 engine/fluid 全部 Pass 与 Shader,`src/engine/fluid/FramebufferManager.ts`,"`new Uint8Array([255, 255, 255])` / `width: 1, height: 1`","`255, 255, 255`、`1`、`1`",占位纹理,与 FluidSimulation 重复,统一为 `WHITE_PIXEL_DATA`,
十二、第三轮补充扫描发现（全项目逐文件扫描）,12.7 engine/fluid 全部 Pass 与 Shader,`src/engine/fluid/DisplayPass.ts`,`input.r / 255` (×3),`255`,RGB→归一化,颜色通道最大值,抽 `COLOR_CHANNEL_MAX = 255`,
十二、第三轮补充扫描发现（全项目逐文件扫描）,12.7 engine/fluid 全部 Pass 与 Shader,`src/engine/fluid/BloomPass.ts`,`config.BLOOM_THRESHOLD * config.BLOOM_SOFT_KNEE + 0.0001`,`0.0001`,soft knee epsilon,魔法极小值,抽 `SOFT_KNEE_EPSILON`,
十二、第三轮补充扫描发现（全项目逐文件扫描）,12.7 engine/fluid 全部 Pass 与 Shader,`src/engine/fluid/BloomPass.ts`,`0.25 / knee`,`0.25`,bloom 曲线系数,魔法浮点,抽 `BLOOM_CURVE2_FACTOR`,
十二、第三轮补充扫描发现（全项目逐文件扫描）,12.7 engine/fluid 全部 Pass 与 Shader,`src/engine/fluid/BloomPass.ts`,`if (width < 2 \,\,height < 2) break`,`2`,bloom FBO 最小尺寸,
十二、第三轮补充扫描发现（全项目逐文件扫描）,12.7 engine/fluid 全部 Pass 与 Shader,`src/engine/fluid/FluidSolver.ts`,"`Math.max(10e-6, correctRadius(...))`",`10e-6`,splat 最小半径,魔法极小值,抽 `MIN_SPLAT_RADIUS`,
十二、第三轮补充扫描发现（全项目逐文件扫描）,12.7 engine/fluid 全部 Pass 与 Shader,`src/engine/fluid/FluidSolver.ts`,"`color.r *= 10.0, color.g *= 10.0, color.b *= 10.0`",`10.0` (×3),随机 splat 颜色增强,魔法数字,抽 `RANDOM_SPLAT_COLOR_BOOST`,
十二、第三轮补充扫描发现（全项目逐文件扫描）,12.7 engine/fluid 全部 Pass 与 Shader,`src/engine/fluid/FluidSolver.ts`,`1000 * (Math.random() - 0.5)` (×2),`1000`、`0.5`,随机 splat 力量,魔法数字,抽 `RANDOM_SPLAT_FORCE`/`FORCE_CENTER`,
十二、第三轮补充扫描发现（全项目逐文件扫描）,12.7 engine/fluid 全部 Pass 与 Shader,`src/engine/fluid/FluidSolver.ts`,"`HSVtoRGB(Math.random(), 1.0, 1.0)`",`1.0`、`1.0`,随机色满饱和度,魔法数字,抽 `RANDOM_SPLAT_SATURATION`/`VALUE`,
十二、第三轮补充扫描发现（全项目逐文件扫描）,12.7 engine/fluid 全部 Pass 与 Shader,`src/engine/fluid/FluidSolver.ts`,"`c.r *= 0.15, c.g *= 0.15, c.b *= 0.15`",`0.15` (×3),generateColor 亮度缩放,魔法浮点,抽 `SPLAT_COLOR_SCALE`,
十二、第三轮补充扫描发现（全项目逐文件扫描）,12.7 engine/fluid 全部 Pass 与 Shader,`src/engine/fluid/FluidSolver.ts`,`Math.floor(h * 6)` / `h * 6 - i`,`6` (×2),HSV 色相分段数,标准算法,可接受,
十二、第三轮补充扫描发现（全项目逐文件扫描）,12.7 engine/fluid 全部 Pass 与 Shader,`src/engine/fluid/FluidConfig.ts`,"`Math.min(1024, overrides.simResolution * 4)`",`1024`、`4`,DYE 分辨率上限和倍率,魔法数字,抽 `MAX_DYE_RESOLUTION`/`SIM_TO_DYE_RATIO`,
十二、第三轮补充扫描发现（全项目逐文件扫描）,12.7 engine/fluid 全部 Pass 与 Shader,`src/engine/fluid/FluidConfig.ts`,`(1 - overrides.trailLength) * 4` / `(1 - overrides.flowPersistence) * 4`,`4` (×2),扩散映射系数,魔法数字,抽 `DISSIPATION_RANGE`,
十二、第三轮补充扫描发现（全项目逐文件扫描）,12.7 engine/fluid 全部 Pass 与 Shader,`src/engine/fluid/FluidConfig.ts`,`base.TRANSPARENT = true`,`true`,强制透明,覆盖用户配置,改为可配置参数,
十二、第三轮补充扫描发现（全项目逐文件扫描）,12.8 helpers/* 全部工具,`src/helpers/note.ts`,"`NOTE_NAMES = [""C"",""C#"",""D"",""D#"",""E"",""F"",""F#"",""G"",""G#"",""A"",""A#"",""B""]`",12 个音名,音名查找表,与 tonal 库重复,可用 `Note.names()` 替代,
十二、第三轮补充扫描发现（全项目逐文件扫描）,12.8 helpers/* 全部工具,`src/helpers/note.ts`,"`FLAT = ""♭""` / `SHARP = ""♯""`",Unicode 字符,音乐符号,硬编码,可接受（标准符号）,
十二、第三轮补充扫描发现（全项目逐文件扫描）,12.8 helpers/* 全部工具,`src/helpers/note.ts`,"`Range.chromatic([""C4"", ""B4""], ...)`","`""C4""`、`""B4""`",调号音符生成范围,硬编码八度,抽 `KEY_SIG_RANGE_FROM/TO`,
十二、第三轮补充扫描发现（全项目逐文件扫描）,12.8 helpers/* 全部工具,`src/helpers/note.ts`,`majorKey.alteration > 7` / `< -7`,`7`、`-7`,最大升降号数,音乐理论常量,抽 `MAX_ALTERATION = 7`,
十二、第三轮补充扫描发现（全项目逐文件扫描）,12.8 helpers/* 全部工具,`src/helpers/note.ts`,`~~((majorKey.alteration + 12) / 12) * -12` (×2),`12` (×4),八度规范化,半音/八度,抽 `SEMITONES_PER_OCTAVE`,
十二、第三轮补充扫描发现（全项目逐文件扫描）,12.8 helpers/* 全部工具,`src/helpers/midi.ts`,`(m[0] >> 4) << 4`,`4`,提取 MIDI 命令字节,位运算常量,可接受,
十二、第三轮补充扫描发现（全项目逐文件扫描）,12.8 helpers/* 全部工具,`src/helpers/midi.ts`,`(m[0] & 0xf) + 1`,`0xf`、`1`,提取 MIDI 通道,MIDI 规范,抽 `CHANNEL_MASK`/`CHANNEL_OFFSET`,
十二、第三轮补充扫描发现（全项目逐文件扫描）,12.8 helpers/* 全部工具,`src/helpers/midi.ts`,`m[2] * 128 + (m[1] ?? 0)`,`128`,14-bit MIDI 值 MSB 乘数,`128 = 2^7`,抽 `MIDI_DATA_MSB = 128`,
十二、第三轮补充扫描发现（全项目逐文件扫描）,12.8 helpers/* 全部工具,`src/helpers/array.ts`,`if (i === j && d[i][j] > 4) return n`,`4`,Levenshtein 提前剪枝阈值,魔法数字,抽 `LEVENSHTEIN_EARLY_EXIT_THRESHOLD`,
十二、第三轮补充扫描发现（全项目逐文件扫描）,12.8 helpers/* 全部工具,`src/helpers/storage.ts`,"`createLogger(""Storage"")`","`""Storage""`",日志标签,硬编码,可接受,
十二、第三轮补充扫描发现（全项目逐文件扫描）,12.9 Layout 剩余组件,"`src/views/Layout/AppBreadcrumb.vue` L15, L22, L26","`:size=""12""` / `:size=""14""`",`12`、`14`,图标尺寸,魔法数字,抽 `ICON_SIZE_XS`/`SM`,
十二、第三轮补充扫描发现（全项目逐文件扫描）,12.9 Layout 剩余组件,`src/views/Layout/AppBreadcrumb.vue` L51-57,`MDI_TO_ICON` 映射,"`""mdi-home""`/`""home""` 等 7 组",MDI→内部图标名映射,硬编码映射,抽到独立 constants 文件,
十二、第三轮补充扫描发现（全项目逐文件扫描）,12.9 Layout 剩余组件,`src/views/Layout/AppBreadcrumb.vue` L60,`(MDI_TO_ICON[mdiName] \,\,"""home"")`","`""home""`",默认图标,
十二、第三轮补充扫描发现（全项目逐文件扫描）,12.9 Layout 剩余组件,`src/views/Layout/AppBreadcrumb.vue` L69-70,"`to: ""/home""` / `route.path === ""/home"" \",\,"route.path === ""/""`","`""/home""`、`""/""`",首页路由,
十二、第三轮补充扫描发现（全项目逐文件扫描）,12.9 Layout 剩余组件,`src/views/Layout/AppBreadcrumb.vue` L156-272,`gap: 2px` / `4px` / `padding: 4px 8px` / `border-radius: 6px` / `font-size: 0.8125rem` / `max-width: 120px`/`200px`/`60px` 等,大量 CSS 数值,面包屑样式,大量魔法数字,抽 CSS 变量,
十二、第三轮补充扫描发现（全项目逐文件扫描）,12.9 Layout 剩余组件,`src/views/Layout/AppBreadcrumb.vue` L191-193,"`transition: background-color 0.15s, color 0.15s`",`0.15s`,过渡时长,魔法数字,抽 `TRANSITION_FAST`,
十二、第三轮补充扫描发现（全项目逐文件扫描）,12.9 Layout 剩余组件,"`src/views/Layout/AppBreadcrumb.vue` L237, L262",`@media (max-width: 768px)` / `@media (max-width: 480px)`,`768px`、`480px`,响应式断点,与 Tailwind 重复 / 非标准,引用共享断点,
十二、第三轮补充扫描发现（全项目逐文件扫描）,12.9 Layout 剩余组件,`src/views/Layout/QuickChangeKeyToolbar.vue` L32-44,"`keyChoices = [""C"", ""G"", ""D"", ""A"", ""E"", ""B"", ""F#"", ""Db"", ""Ab"", ""Eb"", ""Bb"", ""F""]`",12 个调号字符串,调号选项,硬编码音乐调号列表,抽到 music theory constants,
十二、第三轮补充扫描发现（全项目逐文件扫描）,12.9 Layout 剩余组件,"`src/views/Layout/LatencyMonitor.vue` L4, L12","`currentLatency.toFixed(3)` / `highestLatency.toFixed(3)` + `""ms""`","`3`、`""ms""`",延迟精度与单位,硬编码精度,抽 `LATENCY_PRECISION`,
十二、第三轮补充扫描发现（全项目逐文件扫描）,12.10 其他工具文件,`src/main.ts`,"`api.on(""file:opened"", ...)` / `""midi:refresh-devices""` / `""midi:settings""`",3 个 Tauri 事件名,Tauri 事件监听,散布在代码中,抽 `TAURI_EVENTS` 常量对象,
十二、第三轮补充扫描发现（全项目逐文件扫描）,12.10 其他工具文件,`src/main.ts`,"`app.mount(""#app"")`","`""#app""`",Vue 挂载选择器,Vue 约定,可接受,
十二、第三轮补充扫描发现（全项目逐文件扫描）,12.10 其他工具文件,`src/utils/logger.ts`,"`level: import.meta.env.DEV ? ""debug"" : ""warn""`","`""debug""`、`""warn""`",日志级别,硬编码,可接受（pino 规范）,
十二、第三轮补充扫描发现（全项目逐文件扫描）,12.10 其他工具文件,`src/utils/PerlinNoise1D.ts`,`new Uint8Array(256)` / `i < 256` / `new Uint8Array(512)` / `i < 512`,`256`、`512`,排列表大小,标准 Perlin noise 参数,抽 `PERMUTATION_SIZE`,
十二、第三轮补充扫描发现（全项目逐文件扫描）,12.10 其他工具文件,`src/utils/PerlinNoise1D.ts`,`s = (s * 16807 + 0) % 2147483647`,`16807`、`0`、`2147483647`,LCG 伪随机数参数,经典 MINSTD 参数,抽 `LCG_MULTIPLIER`/`LCG_MODULUS`,
十二、第三轮补充扫描发现（全项目逐文件扫描）,12.10 其他工具文件,`src/utils/PerlinNoise1D.ts`,`p[i & 255]` / `Math.floor(x) & 255`,`255`,排列表索引掩码,`255 = 256 - 1`,用 `PERMUTATION_SIZE - 1`,
十二、第三轮补充扫描发现（全项目逐文件扫描）,12.10 其他工具文件,`src/utils/PerlinNoise1D.ts`,`this.permutation[a] / 128 - 1` (×2),`128`、`1`,"梯度映射到 [-1,1]",`128 = 256/2`,用 `PERMUTATION_SIZE / 2`,
十二、第三轮补充扫描发现（全项目逐文件扫描）,12.10 其他工具文件,`src/utils/PerlinNoise1D.ts`,`step = 0.1`,`0.1`,默认采样步长,魔法浮点,抽 `DEFAULT_NOISE_STEP`,
十二、第三轮补充扫描发现（全项目逐文件扫描）,12.10 其他工具文件,`src/utils/utils.ts`,"`navigator?.language?.split(""-"")[0] \",\,"""zh""`","`""-""`、`""zh""`",默认语言和分隔符,
十二、第三轮补充扫描发现（全项目逐文件扫描）,12.10 其他工具文件,`src/locales/i18n.ts`,"`fallbackLocale: ""en""`","`""en""`",i18n 回退语言,硬编码,抽 `FALLBACK_LOCALE`,
十二、第三轮补充扫描发现（全项目逐文件扫描）,12.10 其他工具文件,`src/constants/icon-paths.ts`,`ICON_PATHS` 全部 SVG path data,7 个长 SVG 路径字符串,图标 SVG 路径数据,大量硬编码路径,可接受；如需动态可改用图标字体,
十二、第三轮补充扫描发现（全项目逐文件扫描）,12.10 其他工具文件,`src/constants/icon-paths.ts`,"`ICON_PATHS[""mdi-circle-outline""]`","`""mdi-circle-outline""`",默认图标键名,硬编码,抽 `DEFAULT_ICON_NAME`,
十二、第三轮补充扫描发现（全项目逐文件扫描）,12.10 其他工具文件,`src/components/ThemeSwitcher.vue`,"两个 `<path d=""...""/>`",长 SVG path 字符串,日/月图标,内联 SVG 硬编码,改用 SF Symbols 或图标组件,
十二、第三轮补充扫描发现（全项目逐文件扫描）,12.10 其他工具文件,`src/components/SettingsDrawer/SettingsDrawer.vue`,"`if (e.key !== ""Escape"") return`","`""Escape""`",ESC 键关闭,硬编码键名,抽 `CLOSE_KEY`,
十二、第三轮补充扫描发现（全项目逐文件扫描）,12.10 其他工具文件,`src/components/SettingsDrawer/SettingsDrawer.vue`,`transition: transform 0.3s ease`,`0.3s`,抽屉动画时长,魔法数字,抽 CSS 变量,
十二、第三轮补充扫描发现（全项目逐文件扫描）,12.10 其他工具文件,`src/components/SettingsButton/SettingsButton.vue`,"`size=""16""`",`16`,图标尺寸,魔法数字,抽 `SETTINGS_ICON_SIZE`,
十二、第三轮补充扫描发现（全项目逐文件扫描）,12.10 其他工具文件,`src/components/Settings/SettingsCollapse.vue`,"`:size=""18""`",`18`,折叠图标尺寸,魔法数字,抽常量,
十二、第三轮补充扫描发现（全项目逐文件扫描）,12.10 其他工具文件,`src/components/Settings/SettingsThemeColorPicker.vue`,"`lightColors = new Set([""primary-content"", ""secondary-content"", ...])`",7 个颜色名,浅色判断集合,硬编码颜色名列表,可接受（daisyUI 约定），应注释依赖,
十二、第三轮补充扫描发现（全项目逐文件扫描）,12.10 其他工具文件,`src/composables/useNotes.ts`,"`accidentals = ""flat""`, `key = ""C""`, `midiChannel = 0`, `useSustain = true`, `detectOnRelease = true`, `namespace = ""debugger""`",多个默认值,默认配置,与 useNoteConfig 重复,统一到 useNoteConfig,
十二、第三轮补充扫描发现（全项目逐文件扫描）,12.10 其他工具文件,`src/composables/useNoteConfig.ts`,"`toGetter(options.accidentals, ""flat"")` / `options.key, ""C""` / `options.namespace ?? ""debugger""`","`""flat""`、`""C""`、`""debugger""`",默认值,与 useNotes 重复,单一定义源,
十二、第三轮补充扫描发现（全项目逐文件扫描）,12.10 其他工具文件,`src/composables/useMidiLearn.ts`,`MIDI_CMD_NOTE_ON = 0x90` / `(status & 0xf0)` / `(status & 0x0f) + 1`,`0x90`、`0xf0`、`0x0f`、`1`,MIDI 命令解析,MIDI 规范常量,抽 `STATUS_MASK`/`CHANNEL_MASK`,
十二、第三轮补充扫描发现（全项目逐文件扫描）,12.10 其他工具文件,`src/composables/useMidiMessage.ts`,"`namespace: string = ""debugger""`","`""debugger""`",默认命名空间,多处重复,统一 `DEFAULT_MIDI_NAMESPACE`,
十二、第三轮补充扫描发现（全项目逐文件扫描）,12.10 其他工具文件,`src/composables/useMidiLatency.ts`,"`filterDevice = ""*""`","`""*""`",默认设备过滤通配符,魔法字符串,抽 `ALL_DEVICES_FILTER`,
